's-Hertogenbosch, Netherlands	51.720551	5.333622	t	f	f	f
Aalst, Belgium	50.921724	4.032527	t	f	f	f
Aarhus, Denmark	56.178223	10.139406	t	f	f	f
Aartselaar, Belgium	51.1369638	4.3773699	t	f	f	f
Aberdeen, MD	39.498017	-76.231196	t	f	f	f
Aberdeen, WA	46.976679	-123.813485	t	f	f	f
Abington, UK	55.507944	-3.694786	t	f	f	f
Achern, Germany	48.641373	8.03762	t	f	f	f
Adelaide, SA	-34.927574	138.595189	t	f	f	f
Affi, Italy	45.551296	10.787143	t	f	f	f
Aguadulce, Spain	37.256871	-4.986068	t	f	f	f
Aguascalientes, Mexico	21.729665	-102.277536	t	f	f	f
Aichstetten, Germany	47.8804833333	10.0397833333	t	f	f	f
Aire de Châteauvillain - Orges, France	48.057681	4.96061	t	f	f	f
Aire de Châteauvillain - Val Marnay, France	48.057341	4.959604	t	f	f	f
Aire de Manissieux, France	45.69848	4.977541	t	f	f	f
Aire de Reims-Champagne-Nord, France	49.119348	4.245689	t	f	f	f
Aire de Reims-Champagne-Sud, France	49.120781	4.24261	t	f	f	f
Aire de Saint-Priest, France	45.698042	4.975513	t	f	f	f
Aire du Poulet de Bresse, France	46.496179	5.310394	t	f	f	f
Aix-en-Provence - Val de l'Arc, France	43.511938	5.466433	t	f	f	f
Aix-en-Provence, France	43.510637	5.456429	t	f	f	f
Aksdal, Norway	59.423006	5.44306	t	f	f	f
Al Noaymah, Jordan	32.423487	35.949942	t	f	f	f
Al Qatraneh, Jordan	31.276475	36.054488	t	f	f	f
Alameda, CA	37.756265	-122.249306	t	f	f	f
Albacete, Spain	39.134675	-2.039013	t	f	f	f
Albany, NY	42.710356	-73.819109	t	f	f	f
Albaret-Sainte-Marie, France	44.870977	3.252918	t	f	f	f
Albert Lea, MN	43.68606	-93.357721	t	f	f	f
Albuquerque, NM	35.108962	-106.612794	t	f	f	f
Alcantarilha, Portugal	37.150529	-8.364525	t	f	f	f
Alcácer do Sal, Portugal	38.391941	-8.513867	t	f	f	f
Alexandria, LA	31.312424	-92.446436	t	f	f	f
Allentown, PA	40.588102	-75.559904	t	f	f	f
Almaraz, Spain	39.791255	-5.695668	t	f	f	f
Alpharetta (SC), GA	34.067199	-84.318835	t	f	f	f
Altamonte Springs, FL	28.664414	-81.380274	t	f	f	f
Altoona, IA	41.663503	-93.465484	t	f	f	f
Altoona, PA	40.499647	-78.391352	t	f	f	f
Alvdal, Norway	62.114854	10.616826	t	f	f	f
Amarillo, TX	35.189035	-101.931478	t	f	f	f
Amiens, France	49.863492	2.27814	t	f	f	f
Anaheim - Santa Ana Canyon Hills, CA	33.866724	-117.747373	t	f	f	f
Angola, IN	41.699048	-85.000326	t	f	f	f
Ann Arbor, MI	42.240687	-83.766265	t	f	f	f
Annapolis, MD	38.980071	-76.540498	t	f	f	f
Anshan - Baorun Hotel, China	41.157772	122.948524	t	f	f	f
Antioch, CA	37.963695	-121.737262	t	f	f	f
Antwerp, Belgium	51.268158	4.402342	t	f	f	f
Aosta, Italy	45.73745	7.371416	t	f	f	f
Apeldoorn, Netherlands	52.177996	5.912627	t	f	f	f
Aqaba, Jordan	29.5996525	35.0272666	t	f	f	f
Arboga, Sweden	59.426307	15.827684	t	f	f	f
Archamps, France	46.136917	6.124306	t	f	f	f
Ardmore, OK	34.179106	-97.165632	t	f	f	f
Arezzo, Italy	43.437399	11.777607	t	f	f	f
Ariza, Spain	41.313192	-2.002201	t	f	f	f
Arlington, TX	32.754659	-97.082823	t	f	f	f
Arlington, VA	38.887313	-77.092379	t	f	f	f
Arlington, WA	48.21237	-122.183551	t	f	f	f
Arlon, Belgium	49.647975	5.818863	t	f	f	f
Arna, Norway	60.421749	5.467271	t	f	f	f
Asheville, NC	35.531391	-82.604487	t	f	f	f
Aspen, CO	39.204837	-106.858507	t	f	f	f
Aspøya, Norway	63.011584	7.977743	t	f	f	f
Atalaya del Cañavate, Spain	39.538687	-2.254555	t	f	f	f
Atascadero, CA	35.48656	-120.66633	t	f	f	f
Athens, AL	34.785443	-86.942964	t	f	f	f
Athens, GA	33.916675	-83.452965	t	f	f	f
Atizapan de Zaragoza, Mexico	19.551381	-99.272954	t	f	f	f
Atlanta - Lenox Road, GA	33.846445	-84.360194	t	f	f	f
Atlanta - Peachtree Road, GA	33.848756	-84.36434	t	f	f	f
Atlanta, GA	33.793808	-84.397203	t	f	f	f
Auburn Hills, MI	42.706969	-83.288941	t	f	f	f
Auburn, AL	32.627837	-85.445105	t	f	f	f
Auburn, MA	42.203764	-71.832954	t	f	f	f
Auckland, New Zealand	-36.858594	174.754172	t	f	f	f
Augusta - Belair Frontage Rd, GA	33.481235	-82.129967	t	f	f	f
Augusta, GA	33.515004	-82.044443	t	f	f	f
Augusta, ME	44.34787	-69.786088	t	f	f	f
Aulac, NB	45.871351	-64.280325	t	f	f	f
Aurland, Norway	60.89863	7.21082	t	f	f	f
Austin, TX	30.329175	-97.706339	t	f	f	f
Auxerre, France	47.85183	3.542802	t	f	f	f
Aventura, FL	25.956403	-80.143001	t	f	f	f
Aviemore, UK	57.189774	-3.836206	t	f	f	f
Bad Rappenau, Germany	49.211936	9.077322	t	f	f	f
Badhoevedorp, Netherlands	52.328927	4.78492	t	f	f	f
Baie-Saint-Paul, QC	47.435843	-70.506254	t	f	f	f
Baker City, OR	44.782849	-117.812422	t	f	f	f
Baker, CA	35.262758	-116.080193	t	f	f	f
Bakersfield, CA	35.354643	-119.331607	t	f	f	f
Ballacolla, Ireland	52.86704	-7.481818	t	f	f	f
Ballarat, VIC	-37.534593	143.822666	t	f	f	f
Baltimore, MD	39.268454	-76.59925	t	f	f	f
Bandon, OR	43.121854	-124.398942	t	f	f	f
Baoding - Heyang School, China	38.823845	115.533691	t	f	f	f
Barnegat, NJ	39.759418	-74.253461	t	f	f	f
Barnsley, UK	53.489393	-1.486223	t	f	f	f
Barrie - Bayfield St, ON	44.410662	-79.709549	t	f	f	f
Barrie - Park Place shopping center, ON	44.341123	-79.678975	t	f	f	f
Barstow, CA	34.849129	-117.085446	t	f	f	f
Bathurst - Town Square Car Park, NSW	-33.417519	149.580505	t	f	f	f
Bathurst, NSW	-33.419063	149.586679	t	f	f	f
Baton Rouge, LA	30.423892	-91.154637	t	f	f	f
Baxter, MN	46.378868	-94.256413	t	f	f	f
Bay City, MI	43.622061	-83.932241	t	f	f	f
Bayonne, France	43.493245	-1.452739	t	f	f	f
Beatty, NV	36.913718	-116.754371	t	f	f	f
Beaune, France	47.017089	4.836543	t	f	f	f
Beaver, UT	38.249149	-112.652524	t	f	f	f
Beckenried, Switzerland	46.971497	8.459258	t	f	f	f
Beelitz, Germany	52.266782	12.922582	t	f	f	f
Beijing - Baolong Mansion, China	39.84925455	116.3327565	t	f	f	f
Beijing - Central Place, China	39.90871	116.48053	t	f	f	f
Beijing - Haidian B+W Checker, China	39.951088	116.281837	t	f	f	f
Beijing - Hairun Mansion, China	39.97450776	116.30267578	t	f	f	f
Beijing - Miyun Wanxianghui, China	40.35460163	116.83471836	t	f	f	f
Beijing - Oriental Plaza, China	39.909565	116.412498	t	f	f	f
Beijing - Seasons Place, China	39.915016	116.362188	t	f	f	f
Beijing - Solana Shopping Park, China	39.950951	116.477644	t	f	f	f
Beijing - Tangla Hotel, China	39.908321	116.34256	t	f	f	f
Beijing - Wangjing Xinhuicheng, China	39.99901402	116.4829843	t	f	f	f
Beijing - Wucai City, China	40.02943	116.334763	t	f	f	f
Beijing - Yizhuang AK Valley, China	39.799729	116.518017	t	f	f	f
Beijing - Youth Road	39.922634	116.516151	t	f	f	f
Beijing - Zhongqi Leiri, China	39.831209	116.416478	t	f	f	f
Beijing Haidian Charter Shopping Center, China	39.912154	116.275957	t	f	f	f
Beijing Qing Bend Golf Club, China	40.032772	116.391143	t	f	f	f
Beijing-Universal Business Park, China	39.977989	116.481445	t	f	f	f
Bellefonte, PA	40.913884	-77.738425	t	f	f	f
Belleville, ON	44.187938	-77.398757	t	f	f	f
Bembibre, Spain	42.623851	-6.451837	t	f	f	f
Bend, OR	44.03563	-121.308473	t	f	f	f
Berkåk, Norway	62.832142	10.010141	t	f	f	f
Berlin (SC), Germany	52.394056600621724	13.542307019233704	t	f	f	f
Berlin, VT	44.212532	-72.576462	t	f	f	f
Bernau am Chiemsee, Germany	47.814441	12.367768	t	f	f	f
Bernin, France	45.265676	5.876448	t	f	f	f
Bersteland, Germany	51.949095	13.787957	t	f	f	f
Besançon, France	47.234539	5.901153	t	f	f	f
Bethany, MO	40.265916	-94.015705	t	f	f	f
Big Rapids, MI	43.689792	-85.515625	t	f	f	f
Big Sur, CA	36.226876	-121.761506	t	f	f	f
Big Timber, MT	45.836201	-109.943317	t	f	f	f
Billings, MT	45.733716	-108.604573	t	f	f	f
Binghamton, NY	42.145553	-75.901755	t	f	f	f
Birchanger Green, UK	51.871619	0.193886	t	f	f	f
Birdhill, Ireland	52.757747	-8.40932	t	f	f	f
Birmingham, AL	33.525917	-86.806875	t	f	f	f
Birmingham-Hopwood Park, UK	52.363197	-1.945572	t	f	f	f
Bispingen, Germany	53.104089	9.981917	t	f	f	f
Blanding, UT	37.6255534	-109.47384199999999	t	f	f	f
Blankenfelde, Germany	52.308961	13.444752	t	f	f	f
Bloomsburg, PA	41.016143	-76.492616	t	f	f	f
Boise, ID	43.592633	-116.280653	t	f	f	f
Bolingbrook, IL	41.722189	-88.037278	t	f	f	f
Bordeaux, France	44.835346	-0.681374	t	f	f	f
Boston - Allstate Road, MA	42.325662	-71.063013	t	f	f	f
Boston - Boylston Street, MA	42.34717	-71.081003	t	f	f	f
Boston - Richard B. Ross Way, MA	42.344691	-71.099322	t	f	f	f
Boulder, CO	40.020306	-105.257028	t	f	f	f
Bourges, France	47.049393	2.344843	t	f	f	f
Bowling Green, KY	36.955196	-86.438854	t	f	f	f
Bozeman, MT	45.700078	-111.062569	t	f	f	f
Braak, Germany	53.617854	10.239499	t	f	f	f
Brandon, FL	27.9408309	-82.3236485	t	f	f	f
Bratislava, Slovakia	48.132138	17.108438	t	f	f	f
Brattleboro, VT	42.838443	-72.565798	t	f	f	f
Breda, Netherlands	51.577507	4.729798	t	f	f	f
Breezewood, PA	39.999842	-78.238697	t	f	f	f
Bregenz, Austria	47.488536	9.739797	t	f	f	f
Brennero, Italy	46.99533	11.502136	t	f	f	f
Brescia, Italy	45.53224	10.164969	t	f	f	f
Breukelen, Netherlands	52.167863	4.988514	t	f	f	f
Brewer, ME	44.775909	-68.73432	t	f	f	f
Brisbane, QLD	-27.451321	153.040734	t	f	f	f
Bristol - Cribbs Causeway, UK	51.526694	-2.599806	t	f	f	f
Bristol - M5, UK	51.477207	-2.706308	t	f	f	f
Bristol, TN	36.591697	-82.261339	t	f	f	f
Brive-la-Gaillarde, France	45.16724	1.483119	t	f	f	f
Bronx - Bay Plaza, NY	40.86368	-73.82916	t	f	f	f
Brooklyn - Brooklyn Museum, NY	40.670085	-73.962826	t	f	f	f
Brooklyn - N 12th Street, NY	40.721861	-73.956629	t	f	f	f
Brossard, QC	45.442033	-73.440754	t	f	f	f
Bruchsal, Germany	49.138361	8.562417	t	f	f	f
Brugge, Belgium	51.170127	3.197162	t	f	f	f
Brumunddal, Norway	60.876807	10.930353	t	f	f	f
Brush, CO	40.270895	-103.62223	t	f	f	f
Buckeye, AZ	33.443011	-112.556876	t	f	f	f
Buellton, CA	34.61456	-120.188387	t	f	f	f
Buena Park, CA	33.863379	-117.99103	t	f	f	f
Buffalo, NY	42.968673	-78.696128	t	f	f	f
Buford, GA	34.061572	-83.994606	t	f	f	f
Bunnik, Netherlands	52.061418	5.20582	t	f	f	f
Burbank, CA	34.174712	-118.300826	t	f	f	f
Burbank-North Third St, CA	34.18487	-118.311672	t	f	f	f
Burgos, Spain	42.312365	-3.704115	t	f	f	f
Burlington, NC	36.07079	-79.511211	t	f	f	f
Burlington, NJ	40.101525	-74.793172	t	f	f	f
Burlington, ON	43.324467	-79.821041	t	f	f	f
Burlington, WA	48.509772	-122.338625	t	f	f	f
Burtonwood, UK	53.417605	-2.639522	t	f	f	f
Busan, South Korea	35.160676	129.163823	t	f	f	f
Busdorf, Germany	54.477896	9.544913	t	f	f	f
Butte, MT	45.981226	-112.507161	t	f	f	f
Buttonwillow, CA	35.400105	-119.397796	t	f	f	f
Bygland, Norway	58.82792	7.796114	t	f	f	f
Cabazon, CA	33.93129	-116.820041	t	f	f	f
Cadillac, MI	44.282551	-85.403096	t	f	f	f
Caen, France	49.16398	-0.424802	t	f	f	f
Cagnes-sur-Mer, France	43.666446	7.127372	t	f	f	f
Calais, France	50.924425	1.80414	t	f	f	f
Caldes de Malavella, Spain	41.859029	2.767237	t	f	f	f
Cambridge, MA	42.368483	-71.076189	t	f	f	f
Cambridge, OH	40.003569	-81.574967	t	f	f	f
Cambridge, ON	43.408904	-80.325432	t	f	f	f
Campogalliano, Italy	44.685971	10.851913	t	f	f	f
Canary Wharf, UK	51.504346	-0.016146	t	f	f	f
Canberra, ACT	-35.294342	149.190228	t	f	f	f
Cangzhou Yunhe - King Lion International Hotel, China	38.304617	116.813319	t	f	f	f
Cangzhou Yunhe - Yihe Hotel, China	38.276826	116.812668	t	f	f	f
Canmore, AB	51.100208	-115.359179	t	f	f	f
Carlisle, PA	40.233206	-77.119185	t	f	f	f
Carlsbad, CA	33.084189	-117.266384	t	f	f	f
Carmel, IN	39.97193	-86.152619	t	f	f	f
Carpiano, Italy	45.34834	9.282206	t	f	f	f
Casa Grande, AZ	32.87888	-111.6817421	t	f	f	f
Casselman, ON	45.304556	-75.081806	t	f	f	f
Castlebellingham-Northbound, Ireland	53.932462	-6.417717	t	f	f	f
Castlebellingham-Southbound, Ireland	53.924106	-6.411373	t	f	f	f
Catoosa, OK	36.167631	-95.766044	t	f	f	f
Caudan, France	47.788035	-3.331263	t	f	f	f
Cavaglià, Italy	45.38967	8.128911	t	f	f	f
Celebration, FL	28.331356	-81.532453	t	f	f	f
Centralia, WA	46.729732	-122.977454	t	f	f	f
Ceprano, Italy	41.544226	13.511958	t	f	f	f
Cerignola, Italy	41.306389	15.899738	t	f	f	f
Chambéry Barberaz, France	45.56085	5.949646	t	f	f	f
Chambéry, France	45.592227	5.899842	t	f	f	f
Champaign, IL	40.146209	-88.259884	t	f	f	f
Changchun Jiatai	43.880538	125.421998	t	f	f	f
Changde-Tao Hua Yuan Golf Hotel, China	28.924987	111.745209	t	f	f	f
Changsha - Huayuan Facemore, China	28.18891154	112.96995616	t	f	f	f
Changzhou - Changfa Mansion, China	31.696607	119.953329	t	f	f	f
Changzhou-Changfa Plaza, China	31.812589	119.979492	t	f	f	f
Channelview, TX	29.784665	-95.110612	t	f	f	f
Chapelle-sur-Erdre, France	47.282708	-1.549982	t	f	f	f
Charleston, WV	38.354712	-81.642845	t	f	f	f
Charlotte, NC	35.341213	-80.766023	t	f	f	f
Charlottesville, VA	38.067051	-78.492702	t	f	f	f
Charnock Richard Northbound, UK	53.630562	-2.692578	t	f	f	f
Chasseneuil-du-Poitou, France	46.670356	0.362651	t	f	f	f
Chattanooga, TN	35.038644	-85.19593	t	f	f	f
Chengde - Bifengmen, China	40.988365	117.926208	t	f	f	f
Chengdu - Gaoxin, China	30.588559	104.029497	t	f	f	f
Chengdu - Kaile International, China	30.623392	104.03685	t	f	f	f
Chengdu - Renhexincheng Shopping Center, China	30.589617	104.05114	t	f	f	f
Chengdu Yanlord, China	30.651599	104.067022	t	f	f	f
Chengdu Yintai Center, China	30.585632	104.068655	t	f	f	f
Chengdu, China	30.714582	104.009476	t	f	f	f
Chengdu-Aipu, China	30.630953	104.145454	t	f	f	f
Chenzhou - Shang'er Hotel, China	25.80044	113.04395	t	f	f	f
Chenzhou - Wyndham Hotel, China	25.78800517	113.10181945	t	f	f	f
Chenzhou - Yizhang, China	25.401274	112.977646	t	f	f	f
Cheonan, South Korea	36.757187	127.224121	t	f	f	f
Chester, VA	37.367323	-77.416947	t	f	f	f
Cheyenne, WY	41.161085	-104.804955	t	f	f	f
Chicago - Lincoln Park, IL	41.908043	-87.647839	t	f	f	f
Chicago - North Broadway, IL	41.937338	-87.644666	t	f	f	f
Chicago - South Canal Street, IL	41.869126	-87.639971	t	f	f	f
Chicago-Lakeshore East, IL	41.886458	-87.620262	t	f	f	f
Childress, TX	34.432426	-100.218676	t	f	f	f
Chilpancingo de los Bravo, Mexico	17.51465	-99.482779	t	f	f	f
Chiyodaku Palace Hotel, Japan	35.684656	139.761252	t	f	f	f
Chongqing - Jiayu Hotel, China	29.504059	106.530479	t	f	f	f
Chongqing - Regent Hotel, China	29.57141363	106.5706922	t	f	f	f
Chongqing - Shizhu Tianyao Hotel, China	29.996889	108.136909	t	f	f	f
Chongqing Fortune Plaza, China	29.608009	106.509449	t	f	f	f
Christchurch, New Zealand	-43.52642	172.628965	t	f	f	f
Châteauroux, France	46.863058	1.716048	t	f	f	f
Ciechocinek, Poland	52.874469	18.773758	t	f	f	f
Cincinnati - Marburg Ave, OH	39.162833	-84.426528	t	f	f	f
Cincinnati, OH	39.224429	-84.383415	t	f	f	f
Cisco, TX	32.374263	-99.007197	t	f	f	f
Clare, MI	43.820359	-84.76675	t	f	f	f
Clare, SA	-33.8485	138.618157	t	f	f	f
Claymont, DE	39.817478	-75.457282	t	f	f	f
Cle Elum, WA	47.188802	-120.903135	t	f	f	f
Clearwater, MN	45.411899	-94.054852	t	f	f	f
Clermont-Ferrand, France	45.785937	3.141488	t	f	f	f
Clinton Corners, NY	41.825464	-73.770719	t	f	f	f
Coeur d'Alene, ID	47.708479	-116.794283	t	f	f	f
Coffs Harbour, NSW	-30.281274	153.131584	t	f	f	f
Colby, KS	39.361357	-101.054063	t	f	f	f
Collégien, France	48.830877	2.678019	t	f	f	f
Colorado Springs, CO	38.837573	-104.824907	t	f	f	f
Columbia, MO	38.957816	-92.252773	t	f	f	f
Columbia, SC	34.106319	-80.950723	t	f	f	f
Columbus, OH	39.974472	-83.00092	t	f	f	f
Columbus, TX	29.690062	-96.537725	t	f	f	f
Comber, ON	42.2387885	-82.5508729	t	f	f	f
Compostela, Mexico	21.232561	-104.924919	t	f	f	f
Concord, CA	37.970453	-122.058384	t	f	f	f
Concord, ON	43.827	-79.539	t	f	f	f
Cookeville, TN	36.155848	-85.515211	t	f	f	f
Cooma, NSW	-36.235522	149.126794	t	f	f	f
Coralville, IA	41.680372	-91.591467	t	f	f	f
Cordes Lakes, AZ	34.327131	-112.118432	t	f	f	f
Corning, CA	39.926454	-122.198393	t	f	f	f
Cornwall, ON	45.023665	-74.747845	t	f	f	f
Corona, CA	33.826338	-117.515411	t	f	f	f
Corsicana, TX	32.068577	-96.448229	t	f	f	f
Corte Madera, CA	37.928278	-122.514823	t	f	f	f
Council Bluffs, IA	41.220935	-95.835622	t	f	f	f
Country Club Hills, IL	41.584927	-87.721062	t	f	f	f
Country Garden Phoenix Hot Spring Hotel Taizhou, China	32.543018	119.950325	t	f	f	f
Cranberry, PA	40.683982	-80.10839	t	f	f	f
Cranbury, NJ	40.32244	-74.4869	t	f	f	f
Crescent City, CA	41.752393	-124.1944	t	f	f	f
Cuernavaca, Mexico	18.934819	-99.192297	t	f	f	f
Culver City, CA	33.986779	-118.390213	t	f	f	f
Cupertino, CA	37.324372	-122.009179	t	f	f	f
Custer, SD	43.767498	-103.594306	t	f	f	f
Cúllar, Spain	37.5540305	-2.6139444	t	f	f	f
Daegu, South Korea	35.907022	128.613115	t	f	f	f
Dalian Fisherman's Wharf, China	38.87639	121.68571	t	f	f	f
Dallas, TX	32.881155	-96.769519	t	f	f	f
Daly City, CA	37.673998	-122.472257	t	f	f	f
Danbury, CT	41.379222	-73.477689	t	f	f	f
Darien, CT (north)	41.080321	-73.461365	t	f	f	f
Darien, CT (south)	41.067299	-73.504926	t	f	f	f
Dartford, UK	51.438052	0.26879	t	f	f	f
Davenport, IA	41.575888	-90.513526	t	f	f	f
Dayton, OH	39.858702	-84.277027	t	f	f	f
Dazhou - Shenghua Plaza, China	31.18415974	107.51114254	t	f	f	f
DeFuniak Springs, FL	30.720702	-86.116677	t	f	f	f
Decatur, GA	33.793217	-84.285379	t	f	f	f
Dedham, MA	42.236417	-71.17825	t	f	f	f
Delray Beach, FL	26.455815	-80.190072	t	f	f	f
Deming, NM	32.281357	-107.760281	t	f	f	f
Denton, TX	33.231403	-97.166419	t	f	f	f
Denver, CO	39.775259	-104.794674	t	f	f	f
Detroit Lake, OR	44.737025	-122.152108	t	f	f	f
Dettelbach, Germany	49.77884	10.068646	t	f	f	f
Dezhou - Micro Emission Hotel, China	37.42484776	116.3949645	t	f	f	f
Dickson, TN	36.018349	-87.332955	t	f	f	f
Dietikon, Switzerland	47.418041	8.396577	t	f	f	f
Dombås, Norway	62.073923	9.125562	t	f	f	f
Dongguan - Shoes Center, China	22.92447491	113.70186874	t	f	f	f
Dongguan - Songshan Lake, China	22.952909	113.888298	t	f	f	f
Dongguan-Vanke Center, China	23.02486299	113.7658954	t	f	f	f
Dordrecht, Netherlands	51.774425	4.653024	t	f	f	f
Dorno Est, Italy	45.1473468	8.9912729	t	f	f	f
Dorno Ovest, Italy	45.147886	8.990914	t	f	f	f
Downey - Lakewood Blvd, CA	33.953335	-118.112914	t	f	f	f
Downey - Stonewood St, CA	33.934643	-118.12117	t	f	f	f
Dows, IA	42.673838	-93.462294	t	f	f	f
Drachten, Netherlands	53.105883	6.129539	t	f	f	f
Drummondville, QC	45.899084	-72.51942	t	f	f	f
Dubbo, NSW	-32.249933	148.609166	t	f	f	f
Dublin - Amador Plaza, CA	37.703183	-121.925327	t	f	f	f
Dublin, OH	40.0930008	-83.0936558	t	f	f	f
Dubuque, IA	42.48773	-90.663624	t	f	f	f
Dugo Selo, Croatia	45.766601	16.233971	t	f	f	f
Dugopolje, Croatia	43.587987	16.577041	t	f	f	f
Duluth, MN	46.784467	-92.10232	t	f	f	f
Dundee, UK	56.466428	-3.062962	t	f	f	f
E-Max, Hong Kong	22.324074	114.20381	t	f	f	f
East Brunswick, NJ	40.415973	-74.444706	t	f	f	f
East Greenwich, RI	41.660517	-71.497242	t	f	f	f
East Palo Alto, CA	37.459659	-122.137651	t	f	f	f
Eaton, WA	-33.319613	115.717729	t	f	f	f
Eau Claire, WI	44.77083	-91.43711	t	f	f	f
Edegem, Belgium	51.1506204	4.4334085	t	f	f	f
Edinburgh Airport, UK	55.945361	-3.366667	t	f	f	f
Edison, NJ	40.5448144	-74.333248	t	f	f	f
Edmonton, AB	53.4861362	-113.5157459	t	f	f	f
Edsbruk, Sweden	57.97985	16.482407	t	f	f	f
Effingham, IL	39.137048	-88.563736	t	f	f	f
Egerkingen, Switzerland	47.326963	7.805343	t	f	f	f
Egg Harbor Township, NJ	39.393663	-74.562619	t	f	f	f
Eidfjord, Norway	60.467438	7.068209	t	f	f	f
Eindhoven, Netherlands	51.407268	5.479937	t	f	f	f
El Centro, CA	32.760837	-115.532486	t	f	f	f
El Paso, TX	31.8839	-106.58379	t	f	f	f
Elko, NV	40.836301	-115.790859	t	f	f	f
Ellensburg, WA	46.976918	-120.54162	t	f	f	f
Ellwangen, Germany	48.955856	10.18254	t	f	f	f
Elveden, UK	52.38641	0.664606	t	f	f	f
Elverum, Norway	60.884145	11.540043	t	f	f	f
Emeishan-Hongzhushan Hotel, China	29.56255	103.445404	t	f	f	f
Emmeloord, Netherlands	52.727421	5.764693	t	f	f	f
Emsbüren, Germany	52.359241	7.264215	t	f	f	f
Enköping, Sweden	59.658468	17.076533	t	f	f	f
Erftstadt, Germany	50.796469	6.780077	t	f	f	f
Erie, PA	42.049602	-80.086345	t	f	f	f
Erwin, NY	42.170919	-77.107728	t	f	f	f
Estes Park, CO	40.383833	-105.519783	t	f	f	f
Etobicoke, ON	43.6142141	-79.554197	t	f	f	f
Eureka, CA	40.778885	-124.188383	t	f	f	f
Euroa, VIC	-36.752767	145.573531	t	f	f	f
Eurotunnel, France	50.935031	1.812951	t	f	f	f
Evanston, WY	41.263157	-110.985309	t	f	f	f
Exeter, UK	50.685442	-3.448837	t	f	f	f
Fairfield - Holiday Lane, CA	38.256667	-122.065139	t	f	f	f
Fairfield, CA	38.26175	-122.0524	t	f	f	f
Falkenberg, Sweden	56.93167	12.51805	t	f	f	f
Falls Creek, PA	41.14072	-78.784725	t	f	f	f
Fano, Italy	43.802874	13.015345	t	f	f	f
Farmington, NM	36.766371	-108.144047	t	f	f	f
Fayetteville, NC	35.009527	-78.822416	t	f	f	f
Firenze, Italy	43.810011	11.177737	t	f	f	f
Fish Camp, CA	37.473828	-119.635893	t	f	f	f
Fishers, IN	39.957683	-86.016131	t	f	f	f
Flachau, Austria	47.354626	13.386021	t	f	f	f
Flagstaff, AZ	35.174272	-111.66328	t	f	f	f
Flatonia, TX	29.697904	-97.099993	t	f	f	f
Fleet Northbound, UK	51.296156	-0.857274	t	f	f	f
Florence, SC	34.190371	-79.832575	t	f	f	f
Florida City, FL	25.456825	-80.474341	t	f	f	f
Flüelen, Switzerland	46.913185	8.623031	t	f	f	f
Fogang - Grand Winner Hotel, China	23.881342	113.529108	t	f	f	f
Folkestone, UK	51.096752	1.121336	t	f	f	f
Folsom - Iron Point Road, CA	38.64258	-121.18806	t	f	f	f
Folsom-Palladio, CA	38.647199	-121.118344	t	f	f	f
Fontainebleau, France	48.3495627	2.6067816	t	f	f	f
Fontana, CA	34.151177	-117.471412	t	f	f	f
Fort Drum, FL	27.601444	-80.822187	t	f	f	f
Fort MacLeod, AB	49.72499119541202	-113.39733611111	t	f	f	f
Fort Myers - Dani Drive, FL	26.608585	-81.809444	t	f	f	f
Fort Myers, FL	26.48564	-81.787136	t	f	f	f
Fort Stockton, TX	30.905492	-102.88453	t	f	f	f
Fort Wayne, IN	41.138806	-85.163548	t	f	f	f
Forte dei Marmi, Italy	43.956416	10.194539	t	f	f	f
Foshan - Shunde Marriott Hotel, China	22.8282193	113.2758196	t	f	f	f
Foshan - Thousand Lantern Lake Hotel, China	23.05130734	113.14989113	t	f	f	f
Foshan, China	23.11674	113.145747	t	f	f	f
Fountain Valley, CA	33.70278	-117.934127	t	f	f	f
Fountain Valley, Changsha, China	28.347987	112.97953	t	f	f	f
Framingham, MA	42.303637	-71.394171	t	f	f	f
Franklin Park, PA	40.613216	-80.100103	t	f	f	f
Fredericksburg, VA	38.225974	-77.506136	t	f	f	f
Freeport, ME	43.8587942	-70.1041363	t	f	f	f
Fremont - 39201 Fremont Blvd, CA	37.544506	-121.983822	t	f	f	f
Fresno, CA	36.835455	-119.91058	t	f	f	f
Fuengirola, Spain	36.580783	-4.595893	t	f	f	f
Fukuoka, Japan	33.588526	130.497193	t	f	f	f
Fuzhou - Mingcheng Center, China	26.016642	119.398346	t	f	f	f
Fátima, Portugal	39.635478	-8.688469	t	f	f	f
Gainesville, FL	29.624756	-82.376597	t	f	f	f
Gaithersburg, MD	39.118151	-77.202271	t	f	f	f
Gallup, NM	35.505278	-108.828094	t	f	f	f
Gangneung, South Korea	37.80534	128.904599	t	f	f	f
Ganzhou - Zhizaogu, China	25.700407	114.800468	t	f	f	f
Gaoxin Xi'an, China	34.221073	108.897087	t	f	f	f
Gardnerville, NV	38.696426	-119.548534	t	f	f	f
Gaylord, MI	45.025577	-84.722201	t	f	f	f
Geiselwind, Germany	49.769144	10.470409	t	f	f	f
Getafe, Spain	40.290389	-3.696302	t	f	f	f
Gila Bend, AZ	32.943969	-112.733506	t	f	f	f
Gillette, WY	44.29301	-105.526628	t	f	f	f
Gilroy, CA	37.02493	-121.56542	t	f	f	f
Girona, Spain	41.998411	2.817295	t	f	f	f
Glen Allen, VA	37.669832	-77.461419	t	f	f	f
Glendale, CA	34.145099	-118.256433	t	f	f	f
Glenview, IL	42.077128	-87.860788	t	f	f	f
Glenwood Springs, CO	39.55268	-107.340168	t	f	f	f
Gol, Norway	60.70232	8.9862	t	f	f	f
Gold Coast, QLD	-28.03527	153.427327	t	f	f	f
Golden, BC	51.31325	-116.974152	t	f	f	f
Goodland, KS	39.326253	-101.725171	t	f	f	f
Gotemba, Japan	35.299713	138.938584	t	f	f	f
Gothenburg, NE	40.917317	-100.169913	t	f	f	f
Gouda, Netherlands	52.022955	4.684605	t	f	f	f
Goulburn, NSW	-34.755597	149.720984	t	f	f	f
Goyang, South Korea	37.661945	126.750771	t	f	f	f
Gramschatzer Wald, Germany	49.912046	10.001735	t	f	f	f
Granada, Spain	37.181805	-3.928417	t	f	f	f
Grand Ave (SC), Chicago, IL	41.890732	-87.654125	t	f	f	f
Grand Island, NE	40.829973	-98.379822	t	f	f	f
Grand Junction, CO	39.090758	-108.604325	t	f	f	f
Grand Rapids, MI	42.914231	-85.533057	t	f	f	f
Grantham, UK	52.948794	-0.677802	t	f	f	f
Grants Pass, OR	42.460883	-123.324124	t	f	f	f
Grasonville, MD	38.965706	-76.220905	t	f	f	f
Graz, Austria	47.037208	15.478644	t	f	f	f
Green River, UT	38.993577	-110.140513	t	f	f	f
Greensboro, NC	36.059473	-79.908358	t	f	f	f
Greenville, AL	31.855989	-86.635765	t	f	f	f
Greenville, SC	34.825895	-82.306973	t	f	f	f
Greenwich, CT (north)	41.041538	-73.671661	t	f	f	f
Greenwich, CT (south)	41.040555	-73.673445	t	f	f	f
Grenada, MS	33.787384	-89.849614	t	f	f	f
Gretna Green, UK	55.0078	-3.083018	t	f	f	f
Grimsby, ON	43.209814	-79.601404	t	f	f	f
Grong, Norway	64.464913	12.316532	t	f	f	f
Grove City, OH	39.877253	-83.063448	t	f	f	f
Groveland, CA	37.838679	-120.23199	t	f	f	f
Grums, Sweden	59.367618	13.144922	t	f	f	f
Guangyuan-­Jiahua Hotel, China	32.424892	105.879715	t	f	f	f
Guangzhou - Anhuahui Mall, China	23.21639027	113.29620801	t	f	f	f
Guangzhou - Crown Plaza Hotel, China	23.10770954	113.62796621	t	f	f	f
Guangzhou - Furong Resort, China	23.4999783	113.22678235	t	f	f	f
Guangzhou - Huanan Auto Trade, China	23.070509	113.31295	t	f	f	f
Guangzhou - IGC, China	23.11498452	113.33212844	t	f	f	f
Guangzhou - International Finance Center, China	23.11766586	113.3233006	t	f	f	f
Guangzhou - Mahui Furniture Mall, China	23.11804943	113.3460009	t	f	f	f
Guangzhou - Shenglin Building, China	22.847557	113.452776	t	f	f	f
Guangzhou Tianhe - Zhongsen Gourmet 100, China	23.141028	113.375964	t	f	f	f
Guangzhou White Swan Hotel, China	23.105297	113.243889	t	f	f	f
Guangzhou-Panyu E-Park, China	22.99544	113.333113	t	f	f	f
Guarda, Portugal	40.559107	-7.230415	t	f	f	f
Guarromán, Spain	38.143021	-3.722848	t	f	f	f
Guilderland, NY	42.688932	-73.853554	t	f	f	f
Guiyang - Sofitel, China	26.575317	106.719193	t	f	f	f
Gulsvik, Norway	60.381236	9.610003	t	f	f	f
Gundagai, NSW	-35.002153	148.109873	t	f	f	f
Gustine, CA	37.109305	-121.017565	t	f	f	f
Gwangju, South Korea	35.147921	126.837407	t	f	f	f
Gweirah, Jordan	29.825562	35.332523	t	f	f	f
Györ, Hungary	47.633274	17.660977	t	f	f	f
Gävle, Sweden	60.648513	17.120583	t	f	f	f
Hadley, MA	42.338922	-72.611239	t	f	f	f
Hagerstown, MD	39.605859	-77.733324	t	f	f	f
Haikou - Jinghua, China	20.02696	110.318741	t	f	f	f
Hamamatsu 浜松, Japan	34.840437	137.748006	t	f	f	f
Hamburg, Hotel Lindtner, Germany	53.460761	9.939778	t	f	f	f
Hamburg, Tesla Service Center, Germany	53.668642	9.995189	t	f	f	f
Hamilton Township, NJ	40.195539	-74.641375	t	f	f	f
Hamilton, New Zealand	-37.74754	175.23248	t	f	f	f
Hamilton, ON	43.21709	-79.863234	t	f	f	f
Handan, China	36.656095	114.564185	t	f	f	f
Hangzhou - Binjiang Binwen Road Yaduo Hotel, China	30.173424	120.146324	t	f	f	f
Hangzhou - Dikai International Star of City, China	30.24097585	120.20605314	t	f	f	f
Hangzhou - Han's, China	30.2090883	120.20525199	t	f	f	f
Hangzhou - Sino Ocean, China	30.30556338	120.14396349	t	f	f	f
Hangzhou - Smart Home Valley, China	30.208994	120.258057	t	f	f	f
Hangzhou - Sports Park, China	30.313698	120.164806	t	f	f	f
Hangzhou - Xixi Intime City, China	30.2919322	120.07599674	t	f	f	f
Hangzhou Euro America Center, China	30.273066	120.137204	t	f	f	f
Hangzhou Huanglong, China	30.266799	120.14308	t	f	f	f
Hangzhou Xiacheng, China	30.3131265	120.1651448	t	f	f	f
Hangzhou-West Intime	30.300096	120.108108	t	f	f	f
Hanzhong-Dahan Hotel	33.078426	107.049622	t	f	f	f
Harbin - Kempinski Hotel, China	45.798618	126.527725	t	f	f	f
Harris Ranch, CA	36.25415	-120.237896	t	f	f	f
Harrisburg, PA	40.277134	-76.823255	t	f	f	f
Hartford, CT	41.766116	-72.673977	t	f	f	f
Hashima, Japan	35.303584	136.691785	t	f	f	f
Hatta, UAE	24.819503	56.134411	t	f	f	f
Haukås, Norway	60.484297	5.375426	t	f	f	f
Haverslev, Denmark	56.783428	9.69082	t	f	f	f
Hawthorne, CA	33.921068	-118.330054	t	f	f	f
Hawthorne, NV	38.533939	-118.62308	t	f	f	f
Haymarket, VA	38.815129	-77.642614	t	f	f	f
Hays, KS	38.900543	-99.319142	t	f	f	f
Heatherbrae, NSW	-32.787294	151.728353	t	f	f	f
Heathrow Airport Terminal 5, UK	51.478181	-0.515753	t	f	f	f
Hebi - Zhongkai Bojue Hotel, China	35.735528	114.292579	t	f	f	f
Hedensted, Denmark	55.786395	9.667926	t	f	f	f
Hefei - Intime Plaza, China	31.86278595	117.29193347	t	f	f	f
Hefei, China	31.829204	117.231417	t	f	f	f
Henderson, NV	35.97141	-114.911332	t	f	f	f
Hengersberg, Germany	48.765472	13.046667	t	f	f	f
Hengyang - Linyin Hotel, China	26.8913548155	112.5532900737	t	f	f	f
Herbolzheim, Germany	48.227093	7.753694	t	f	f	f
Hermitage, PA	41.201068	-80.455205	t	f	f	f
Herzsprung, Germany	53.06735	12.53333	t	f	f	f
Heusden-Zolder, Belgium	50.993363	5.242222	t	f	f	f
Heyuan - Hilton Hotel, China	23.767788	114.719269	t	f	f	f
Heyuan - Ketianxia, China	23.62767513	114.63175019	t	f	f	f
Hickory, NC	35.706189	-81.294768	t	f	f	f
Highland Park (SC), IL	42.17434	-87.816626	t	f	f	f
Hilpoltstein, Germany	49.160465	11.26101	t	f	f	f
Hinckley, MN	46.009592	-92.93155	t	f	f	f
Hirschberg, Germany	49.507337	8.637361	t	f	f	f
Hjørring, Denmark	57.455791	10.04227	t	f	f	f
Hohenwarsleben, Germany	52.174057	11.494488	t	f	f	f
Hohhot - Kaiyuan Plaza, China	40.782771	111.70649	t	f	f	f
Hokksund, Norway	59.761033	9.905583	t	f	f	f
Holbrook, AZ	34.922962	-110.145558	t	f	f	f
Hollister, CA	36.989869	-121.380535	t	f	f	f
Holmestrand, Norway	59.490174	10.294565	t	f	f	f
Hong Kong - Citygate, China	22.290926	113.9431	t	f	f	f
Hong Kong - East Point City, China	22.316526	114.265687	t	f	f	f
Hong Kong - Landmark North, China	22.50271	114.12782	t	f	f	f
Hong Kong - Lincoln House	22.287648	114.212233	t	f	f	f
Hong Kong - Mikiki, China	22.333442	114.19689	t	f	f	f
Hong Kong - Olympian City, China	22.32005	114.158158	t	f	f	f
Hong Kong - Soho, China	22.28364	114.15089	t	f	f	f
Hong Kong - The Pulse, China	22.235273	114.198504	t	f	f	f
Hong Kong - V City, China	22.396602	113.973888	t	f	f	f
Hong Kong Telegraph bay, China	22.26237	114.130487	t	f	f	f
Hong Kong-Elements	22.30488	114.161519	t	f	f	f
Hong Kong-Festival Walk	22.337555	114.174162	t	f	f	f
Hong Kong-Maritime Square	22.359281	114.108184	t	f	f	f
Hong Kong-Pacific Place	22.27704	114.164391	t	f	f	f
Hong Kong-Popcorn	22.307793	114.259783	t	f	f	f
Hong Kong-Science and Technology Parks	22.427953	114.210358	t	f	f	f
Hooksett (north), NH	43.109587	-71.474575	t	f	f	f
Hooksett (south), NH	43.108363	-71.477625	t	f	f	f
Hoorn, Netherlands	52.650769	5.038917	t	f	f	f
Hope, BC	49.37829	-121.442822	t	f	f	f
Hopesky Hotel, Changsha, China	28.11254	112.9953589	t	f	f	f
Hopewell Centre, Hong Kong, China	22.274495	114.171429	t	f	f	f
Horsham, VIC	-36.71584	142.19348	t	f	f	f
Horst, Netherlands	51.470008	6.056974	t	f	f	f
Houston - North, TX	29.980741	-95.421697	t	f	f	f
Houston - Northwest Fwy, TX	29.867259	-95.538125	t	f	f	f
Hovden, Norway	59.561243	7.356849	t	f	f	f
Howard, WI	44.5354319	-88.0777788	t	f	f	f
Hsinchu - Science Park, China	24.779712	121.005269	t	f	f	f
Huabo Witpark, Nanjing, China	31.974527	118.77493	t	f	f	f
Huai'an - Zhongye Huigu, China	33.614437	119.061371	t	f	f	f
Hualien, Taiwan	23.992627	121.627654	t	f	f	f
Huangling - Tourist Service Center, China	35.579293	109.24420209	t	f	f	f
Huangshan Yuanyi Baizhuang	29.702871	118.31356	t	f	f	f
Hudson, MA	42.395775	-71.594724	t	f	f	f
Huizhou - Longhai, China	22.978951	114.452499	t	f	f	f
Humpolec, Czech Republic	49.521746	15.347476	t	f	f	f
Huntington, WV	38.410941	-82.487122	t	f	f	f
Huntsville, ON	45.333611	-79.206703	t	f	f	f
Huntsville, TX	30.716158	-95.565944	t	f	f	f
Idaho Falls, ID	43.485152	-112.05205	t	f	f	f
Imperia, Italy	43.89258	8.039121	t	f	f	f
Independence, MO	39.040814	-94.369265	t	f	f	f
Indianapolis - Capitol Avenue, IN	39.765443	-86.161222	t	f	f	f
Indianapolis, IN	39.702444	-86.079687	t	f	f	f
Indio, CA	33.741484	-116.215019	t	f	f	f
Innhavet, Norway	67.962327	15.9298	t	f	f	f
Innsbruck, Austria	47.264861	11.428453	t	f	f	f
Inyokern, CA	35.646461	-117.812629	t	f	f	f
Irschenberg, Germany	47.826777	11.898642	t	f	f	f
Islandia, NY	40.805079	-73.180528	t	f	f	f
Issaquah, WA	47.548026	-122.040026	t	f	f	f
Italy, TX	32.194947	-96.89875	t	f	f	f
JFK Airport, NY	40.66319	-73.793192	t	f	f	f
Jackson, TN	35.660349	-88.855771	t	f	f	f
Jackson, WY	43.463995	-110.794875	t	f	f	f
Jacksonville - County Road, FL	30.060278	-81.513861	t	f	f	f
Jacksonville, FL	30.254019	-81.536459	t	f	f	f
Jalasjärvi, Finland	62.417805	22.792112	t	f	f	f
Jebel Ali, UAE	24.910732	54.962517	t	f	f	f
Jersey City - Mall Drive West, NJ	40.727327	-74.039344	t	f	f	f
Jersey City, NJ	40.721595	-74.040469	t	f	f	f
Jettingen-Scheppach, Germany	48.411068	10.440378	t	f	f	f
Jiangmen-Idear Hanyu, China	22.560246	113.1381	t	f	f	f
Jiaxing - Longmont Hotel, China	30.74090312	120.74000403	t	f	f	f
Jinan - Times Headquarter Base, China	36.709206	116.956635	t	f	f	f
Jingdezhen - Xi Shan Lake Gloria Resort, China	29.29367078	117.18017611	t	f	f	f
Jinju, South Korea	35.1802627	128.1397201	t	f	f	f
Jinzhai - Jade Park, China	31.71725262	115.94792121	t	f	f	f
Joplin, MO	37.047552	-94.473399	t	f	f	f
Junction, TX	30.509233	-99.77456	t	f	f	f
Jung, Sweden	58.328002	13.132237	t	f	f	f
Kai Tak Cruise Terminal, Hong Kong, China	22.306989	114.212648	t	f	f	f
Kaiserslautern Eselsfürth, Germany	49.459902	7.82134	t	f	f	f
Kalmar, Sweden	56.673228	16.321408	t	f	f	f
Kamen, Germany	51.5701759	7.6751678	t	f	f	f
Kamloops, BC	50.655233	-120.368302	t	f	f	f
Kansas City, MO	39.24629	-94.644943	t	f	f	f
Kaohsiung City, Taiwan	22.604249	120.301722	t	f	f	f
Kapfenberg, Austria	47.450336	15.317516	t	f	f	f
Kappel-Grafenhausen, Germany	48.281347	7.77755	t	f	f	f
Karlovac, Croatia	45.513107	15.547314	t	f	f	f
Karlskrona, Sweden	56.165403	15.585989	t	f	f	f
Karlstad, Sweden	59.381535	13.467609	t	f	f	f
Katowice, Poland	50.254594	19.046594	t	f	f	f
Kearny, NJ	40.749156	-74.136392	t	f	f	f
Keith, SA	-36.099079	140.35576	t	f	f	f
Kelowna, BC	49.885795	-119.429273	t	f	f	f
Kennebunk - Northbound, ME	43.409493	-70.558551	t	f	f	f
Kennebunk - Southbound, ME	43.410693	-70.560923	t	f	f	f
Kennewick, WA	46.198085	-119.162734	t	f	f	f
Kettleman City, CA	35.987651	-119.962336	t	f	f	f
Kingman, AZ	35.191331	-114.065592	t	f	f	f
Kingsland, GA	30.790764	-81.663729	t	f	f	f
Kingston, NY	41.941916	-74.027208	t	f	f	f
Kingston, ON	44.267307	-76.503291	t	f	f	f
Kingsville, TX	27.493808	-97.844399	t	f	f	f
Kirchheim bei München - Tesla Service Center, Germany	48.150947	11.74846	t	f	f	f
Kisarazu, Japan	35.435631	139.924555	t	f	f	f
Kitzbühel, Austria	47.459597	12.385877	t	f	f	f
Klamath Falls, OR	42.216906	-121.756218	t	f	f	f
Knockrow, NSW	-28.749596	153.534593	t	f	f	f
Knoxville, TN	35.901319	-84.149634	t	f	f	f
Kobe, Japan	34.657031	135.226048	t	f	f	f
Kofu, Japan	35.652801	138.547736	t	f	f	f
Kortrijk, Belgium	50.805626	3.274434	t	f	f	f
Kostomłoty, Poland	51.036946	16.583294	t	f	f	f
Kozina, Slovenia	45.60492	13.928521	t	f	f	f
Kriegstetten, Switzerland	47.175596	7.598601	t	f	f	f
Kristianstad, Sweden	56.023216	14.11831	t	f	f	f
Krokomsporten, Krokom, Sweden	63.328793	14.43	t	f	f	f
Kungälv, Sweden	57.8581639	11.9982719	t	f	f	f
Kunming Panlong - Junfa Center, China	25.063389	102.723335	t	f	f	f
Kunshan - Qidi Park	31.403936	120.892906	t	f	f	f
Kurashiki, Japan	34.578345	133.769448	t	f	f	f
Kuttawa, KY	37.073405	-88.124752	t	f	f	f
Kyoto, Japan	34.986112	135.752512	t	f	f	f
Køge, Denmark	55.489273	12.162788	t	f	f	f
La Crosse, WI	43.879042	-91.188428	t	f	f	f
La Léchère-les-Bains, France	45.51877	6.482522	t	f	f	f
La Seu d'Urgell, Spain	42.359108	1.462297	t	f	f	f
La Vale, MD	39.63626	-78.845748	t	f	f	f
Lafayette, IN	40.416187	-86.814084	t	f	f	f
Lagan, Sweden	57.028956	14.014744	t	f	f	f
Laiguangying, Beijing, China	40.031033	116.448334	t	f	f	f
Lake Charles, LA	30.199071	-93.248782	t	f	f	f
Lake City, FL	30.181429	-82.679701	t	f	f	f
Lake Elsinore, CA	33.698437	-117.349113	t	f	f	f
Lampeland, Norway	59.836224	9.579221	t	f	f	f
Langkampfen, Austria	47.534556	12.09294	t	f	f	f
Langon, France	44.54244	-0.253972	t	f	f	f
Lansing, MI	42.766555	-84.514724	t	f	f	f
Laohekou - Yonghaotaide, China	32.3358428	111.71644278	t	f	f	f
Laramie, WY	41.32512	-105.618117	t	f	f	f
Laredo, TX	27.555003	-99.49424	t	f	f	f
Larvik, Norway	59.112393	10.108783	t	f	f	f
Las Vegas - S Rampart Blvd, NV	36.166661	-115.285837	t	f	f	f
Las Vegas Blvd South, NV	36.070633	-115.17295	t	f	f	f
Las Vegas, NM	35.622007	-105.20541	t	f	f	f
Las Vegas, NV	36.165906	-115.138655	t	f	f	f
Lauenau, Germany	52.278674	9.350953	t	f	f	f
Laurel, MD	39.095382	-76.858319	t	f	f	f
Laval, QC	45.57017	-73.747375	t	f	f	f
Lavik, Norway	61.103869	5.51268	t	f	f	f
Laßnitzhöhe, Austria	47.071071	15.577942	t	f	f	f
Le Caylar, France	43.864589	3.313277	t	f	f	f
Le Mans, France	48.041833	0.175342	t	f	f	f
Leavenworth, WA	47.598608	-120.655636	t	f	f	f
Lee Gardens, Hong Kong, China	22.278528	114.184861	t	f	f	f
Lee, MA	42.29571	-73.239245	t	f	f	f
Leeds, UK	53.732769	-1.585628	t	f	f	f
Leiderdorp, Netherlands	52.1601396	4.5491453	t	f	f	f
Leinstrand-Klett, Norway	63.325319	10.305137	t	f	f	f
Leominster, MA	42.529798	-71.744151	t	f	f	f
Leonberg-Ost, Germany	48.785104	9.017632	t	f	f	f
Lermoos, Austria	47.3948	10.887553	t	f	f	f
Levis, QC	46.73032	-71.26821	t	f	f	f
Lewes, DE	38.743725	-75.153394	t	f	f	f
Lexington, KY	38.017955	-84.420664	t	f	f	f
Lexington, VA	37.796979	-79.419007	t	f	f	f
Lianyungang - Sofitel, China	34.598236	119.185715	t	f	f	f
Lier (north), Norway	59.770833	10.262139	t	f	f	f
Lier (south), Norway	59.766259	10.257838	t	f	f	f
Liezen, Austria	47.55952	14.251709	t	f	f	f
Lifton, UK	50.643377	-4.284553	t	f	f	f
Lille, France	50.583875	3.088602	t	f	f	f
Lillehammer, Norway	61.13045	10.43491	t	f	f	f
Lillesand, Norway	58.236817	8.299052	t	f	f	f
Lima, MT	44.632745	-112.591203	t	f	f	f
Lima, OH	40.726668	-84.071932	t	f	f	f
Limon, CO	39.2688421	-103.708604	t	f	f	f
LinYi - Pullman, China	35.074847	118.35717	t	f	f	f
Lincoln City, OR	44.957751	-124.010966	t	f	f	f
Lincoln, NB	45.851688	-66.560635	t	f	f	f
Lincoln, NE	40.860817	-96.679723	t	f	f	f
Lincoln, NH	44.042314	-71.668127	t	f	f	f
Lindale, TX	32.470885	-95.450473	t	f	f	f
Liphook, UK	51.076281	-0.831807	t	f	f	f
Lishui - New Century Grand Hotel, China	28.45824519	119.92196358	t	f	f	f
Little Rock, AR	34.6614	-92.41031	t	f	f	f
Live Oak, FL	30.331363	-82.961355	t	f	f	f
Livermore, CA	37.700349	-121.841063	t	f	f	f
Livonia, MI	42.379485	-83.32954	t	f	f	f
Liyang - Tianmuhu Hotel, China	31.31646	119.441528	t	f	f	f
Ljubljana, Slovenia	46.0520565	14.45315	t	f	f	f
Lleida, Spain	41.663959	0.605371	t	f	f	f
Lohne, Germany	52.657695	8.169447	t	f	f	f
Lokeren, Belgium	51.095118	4.011868	t	f	f	f
London - Brent Cross, UK	51.57753	-0.223753	t	f	f	f
London - Westfield, UK	51.507888	-0.221972	t	f	f	f
London Tower, UK	51.506333	-0.072778	t	f	f	f
London, KY	37.14916	-84.11385	t	f	f	f
Lone Pine, CA	36.60059	-118.061916	t	f	f	f
Lone Tree, CO	39.562726	-104.873432	t	f	f	f
Longyan - Wanda Realm Hotel, China	25.055713	117.02429894	t	f	f	f
Los Angeles - Francisco St, CA	34.047424	-118.264589	t	f	f	f
Los Gatos, CA	37.229926	-121.979384	t	f	f	f
Louisville, KY	38.211846	-85.673087	t	f	f	f
Loveland, CO	40.44146	-104.991205	t	f	f	f
Lovelock, NV	40.179476	-118.472135	t	f	f	f
Ludington, MI	43.957103	-86.376093	t	f	f	f
Lully, Switzerland	46.832137	6.859096	t	f	f	f
Lumberton, NC	34.667629	-79.002343	t	f	f	f
Luoyang-Huayang, China	34.65285	112.406133	t	f	f	f
Lusk, WY	42.75625	-104.45267	t	f	f	f
Lutterberg, Germany	51.370996	9.633307	t	f	f	f
Luzhou - Jiucheng Park, China	28.88047	105.414352	t	f	f	f
Lyngdal, Norway	58.15653	7.10298	t	f	f	f
Lynnwood, WA	47.846712	-122.271391	t	f	f	f
L´Aldea, Spain	40.753019	0.606421	t	f	f	f
Löddeköpinge, Sweden	55.766399	12.990671	t	f	f	f
Macau - Harbourview Hotel, Macau	22.190596	113.5559549	t	f	f	f
Macau, China	22.141222	113.5626	t	f	f	f
Macedonia, OH	41.313663	-81.517018	t	f	f	f
Machelen, Belgium	50.887736	4.453052	t	f	f	f
Macon - Tom Hill Sr Rd, GA	32.897259	-83.689432	t	f	f	f
Macon, GA	32.8334275	-83.6255567	t	f	f	f
Madison - East Washington Ave, WI	43.119137	-89.319052	t	f	f	f
Madison, WI	43.12669	-89.306896	t	f	f	f
Magliano, Italy	42.372085	12.471703	t	f	f	f
Magog, QC	45.281273	-72.185744	t	f	f	f
Maidstone, UK	51.286224	0.545783	t	f	f	f
Maienfeld, Switzerland	47.003972	9.525835	t	f	f	f
Malsfeld, Germany	51.087435	9.485296	t	f	f	f
Mammoth Lakes, CA	37.644544	-118.965875	t	f	f	f
Manchester, CT	41.80455	-72.562267	t	f	f	f
Manchester, TN	35.458583	-86.057316	t	f	f	f
Manhattan Beach, CA	33.901472	-118.393833	t	f	f	f
Mansfield, MA	42.013729	-71.231754	t	f	f	f
Manteca, CA	37.782622	-121.228683	t	f	f	f
Manzanares, Spain	39.006855	-3.382999	t	f	f	f
Maoming - Dongyuan Hotel, China	21.6696178073	110.9330452535	t	f	f	f
Marathon, FL	24.725916	-81.047519	t	f	f	f
Maribor, Slovenia	46.533247845	15.6993663311	t	f	f	f
Markham - Markville, ON	43.867409	-79.285695	t	f	f	f
Markham - Woodside, ON	43.850286	-79.353573	t	f	f	f
Marlton, NJ	39.878055	-74.918765	t	f	f	f
Maroochydore, QLD	-26.65402	153.087104	t	f	f	f
Marshall, MI	42.292009	-84.964122	t	f	f	f
Martigny, Switzerland	46.126595	7.060944	t	f	f	f
Martinsburg, WV	39.485531	-77.956783	t	f	f	f
Mascouche, QC	45.723166	-73.618588	t	f	f	f
Masdar City, UAE	24.440819	54.618899	t	f	f	f
Mashpee, MA	41.6175	-70.488528	t	f	f	f
Matehuala, Mexico	23.721462	-100.607074	t	f	f	f
Matougues, France	48.991991	4.244946	t	f	f	f
Maumee, OH	41.57835	-83.66465	t	f	f	f
Mauston, WI	43.795551	-90.059358	t	f	f	f
McAllen, TX	26.198443	-98.259839	t	f	f	f
Mehlville, MO	38.508172	-90.331113	t	f	f	f
Meizhou - Chuangjie Center, China	24.26496737	116.13045558	t	f	f	f
Melbourne - Richmond, VIC	-37.831997	144.995807	t	f	f	f
Melide, Switzerland	45.954229	8.950579	t	f	f	f
Mellbystrand, Sweden	56.500904	12.9573	t	f	f	f
Membury Services Eastbound, UK	51.483992	-1.558115	t	f	f	f
Membury Services Westbound, UK	51.481584	-1.557043	t	f	f	f
Memphis, TN	35.097801	-89.858957	t	f	f	f
Mercato San Severino, Italy	40.771952	14.746048	t	f	f	f
Meridian, MS	32.35778	-88.671246	t	f	f	f
Merrillville, IN	41.468444	-87.343613	t	f	f	f
Merritt, BC	50.124377	-120.751136	t	f	f	f
Metz, France	49.216495	6.171078	t	f	f	f
Miami - Mary Brickell Village, FL	25.764706	-80.194629	t	f	f	f
Miami - NE 41st Street, FL	25.813933	-80.194551	t	f	f	f
Miami - SW 7th St, FL	25.76768	-80.192467	t	f	f	f
Miami - SW 8th St, FL	25.766875	-80.194524	t	f	f	f
Mianyang - Fuleshan Hotel, China	31.47086	104.781212	t	f	f	f
Miaoli, Taiwan	24.462022	120.759966	t	f	f	f
Michaelwood Services Northbound, UK	51.656431	-2.434545	t	f	f	f
Middelfart, Denmark	55.510639	9.764306	t	f	f	f
Midland, TX	31.947361	-102.141289	t	f	f	f
Milford, CT	41.238035	-73.036156	t	f	f	f
Milford, CT (north)	41.245814	-73.008988	t	f	f	f
Milford, CT (south)	41.246232	-73.010529	t	f	f	f
Milpitas, CA	37.43453580769586	-121.891387403	t	f	f	f
Miner, MO	36.893583	-89.533986	t	f	f	f
Mishawaka, IN	41.7174	-86.1887	t	f	f	f
Mississauga, ON	43.598116	-79.786045	t	f	f	f
Missoula, MT	46.914375	-114.031924	t	f	f	f
Mitchell, SD	43.701129	-98.04449999999997	t	f	f	f
Moab, UT	38.573122	-109.552368	t	f	f	f
Mobile, AL	30.671556	-88.118644	t	f	f	f
Modena, Italy	44.574119	10.981157	t	f	f	f
Moers, Germany	51.441844	6.611776	t	f	f	f
Mogendorf, Germany	50.482676	7.75006	t	f	f	f
Mogliano Veneto, Italy	45.584722	12.287137	t	f	f	f
Mojave, CA	35.068595	-118.174576	t	f	f	f
Moncalieri, Italy	44.973333	7.730113	t	f	f	f
Monroe, LA	32.496554	-92.055091	t	f	f	f
Monroe, WA	47.86274	-121.97672	t	f	f	f
Mont-Saint-Michel, France	48.568171	-1.543283	t	f	f	f
Mont-Tremblant, QC	46.11652	-74.573813	t	f	f	f
Monte Ceneri/Rivera, Switzerland	46.138926	8.90781	t	f	f	f
Montemor-o-Novo, Portugal	38.645753	-8.247265	t	f	f	f
Monterey, CA	36.585729	-121.898765	t	f	f	f
Montreal (SC), QC	45.496185	-73.658793	t	f	f	f
Montreal, QC	45.500503	-73.707943	t	f	f	f
Moosic, PA	41.361979	-75.676596	t	f	f	f
Mora, Sweden	61.005921	14.54418	t	f	f	f
Morano Calabro, Italy	39.875989	16.065094	t	f	f	f
Morgantown, WV	39.579175	-79.953493	t	f	f	f
Morioka, Japan	39.685291	141.127986	t	f	f	f
Mosjøen, Norway	65.83483634	13.191672563	t	f	f	f
Mougins, France	43.603659	7.011155	t	f	f	f
Mount Vernon, IL	38.316292	-88.955923	t	f	f	f
Mountain View, CA	37.415344	-122.076607	t	f	f	f
Mt. Gilead, OH	40.494024	-82.712896	t	f	f	f
Mt. Hope, WV	37.847683	-81.196272	t	f	f	f
Mt. Jackson, VA	38.760227	-78.63121	t	f	f	f
Mt. Shasta - 134 Morgan Way, CA	41.310348	-122.316039	t	f	f	f
Mt. Shasta, CA	41.310233	-122.317278	t	f	f	f
Mulhouse, France	47.782016	7.388299	t	f	f	f
Murcia, Spain	38.038172	-1.149343	t	f	f	f
Murdo, SD	43.886915	-100.716887	t	f	f	f
Muskegon, MI	43.155333	-86.202939	t	f	f	f
Myrtle Beach, SC	33.704388	-78.925172	t	f	f	f
Mâcon, France	46.346553	4.850173	t	f	f	f
Mérida, Spain	38.921746	-6.375133	t	f	f	f
Mënsbech, Luxembourg	49.640622	6.271219	t	f	f	f
Mücke, Germany	50.645417	8.989917	t	f	f	f
Mühldorf, Germany	48.272557	12.549892	t	f	f	f
Münchberg-Nord, Germany	50.202872	11.776552	t	f	f	f
Nacogdoches, TX	31.651793	-94.679625	t	f	f	f
Nagano 長野, Japan	36.572115	138.200325	t	f	f	f
Nagoya, Japan	35.18822	136.904113	t	f	f	f
Nan'ning - Longguang Century, China	22.808872	108.39949	t	f	f	f
Nanaimo, BC	49.237883	-124.054722	t	f	f	f
Nanchang - Baoli Crown Plaza, China	28.70560753	115.75606973	t	f	f	f
Nanchang, China	28.720737	115.794675	t	f	f	f
Nancy, France	48.638215	6.184349	t	f	f	f
Nanjing - Jiulong Lake Headquarter Park, China	31.9134525	118.81133155	t	f	f	f
Nanjing - Macalline, China	32.009048	118.735481	t	f	f	f
Nanjing Fullshare, China	31.976229	118.761432	t	f	f	f
Nantong - Yongwang Mall, China	31.92271539	120.96168408	t	f	f	f
Nantong-Shimao Plaza	31.919376	120.952042	t	f	f	f
Napa, CA	38.2356	-122.264	t	f	f	f
Naples, FL	26.14462	-81.788849	t	f	f	f
Narbonne, France	43.167693	2.986012	t	f	f	f
Narooma, NSW	-36.223176	150.128311	t	f	f	f
Nashville - Brentwood, TN	35.969209	-86.804641	t	f	f	f
National Harbor - Potomac Passage, MD	38.785335	-77.014771	t	f	f	f
Nebbenes, Norway	60.312269	11.145104	t	f	f	f
Needles, CA	34.850835	-114.624329	t	f	f	f
Neijiang - Liuduanjin, China	29.58555966	105.05746082	t	f	f	f
Nempitz, Germany	51.290043	12.137328	t	f	f	f
Nephi, UT	39.6783968	-111.8407035	t	f	f	f
Nes, Norway	60.58475	9.985092	t	f	f	f
Neuberg, Germany	50.1817522	9.0074826	t	f	f	f
New Rochelle, NY	40.912298	-73.780132	t	f	f	f
New Taipei, Taiwan	25.008094	121.474834	t	f	f	f
New Town Plaza, Hong Kong	22.381727	114.188806	t	f	f	f
New York - 59 Allen Street, NY	40.717153	-73.991869	t	f	f	f
New York - E 47th Street, NY	40.753356	-73.971685	t	f	f	f
New York - Mott Street, NY	40.717522	-73.997302	t	f	f	f
New York - W 75th Street, NY	40.780976	-73.980414	t	f	f	f
Newark, DE	39.6635	-75.69017	t	f	f	f
Newburgh, NY	41.499775	-74.071261	t	f	f	f
Newport Pagnell Southbound, UK	52.084312	-0.748467	t	f	f	f
Nimes, France	43.816537	4.345114	t	f	f	f
Ningbo - Hongtai Plaza, China	29.85999096	121.61287381	t	f	f	f
Ningbo - Roman, China	29.799688	121.546448	t	f	f	f
Ningbo - Shangri-la Hotel, China	29.866539	121.561714	t	f	f	f
Ningbo Jiangdong - Culture Plaza, China	29.85638	121.618555	t	f	f	f
Ningde - Xiapu Dijing Hotel, China	26.88497077	120.0224949	t	f	f	f
Nivelles-Sud, Belgium	50.588397	4.307388	t	f	f	f
Norfolk, VA	36.860525	-76.207467	t	f	f	f
Norheimsund, Norway	60.372342	6.141213	t	f	f	f
Normal, IL	40.508497	-88.985575	t	f	f	f
North Aurora, IL	41.802949	-88.370249	t	f	f	f
North Brunswick, NJ	40.439373	-74.504769	t	f	f	f
North East, MD	39.612048	-76.009908	t	f	f	f
North Huntingdon, PA	40.314135	-79.671409	t	f	f	f
North York, ON	43.776092	-79.344287	t	f	f	f
Northampton, UK	52.185729	-0.89127	t	f	f	f
Nossen, Germany	51.082468	13.27406	t	f	f	f
Nørre Alslev, Denmark	54.899872	11.896921	t	f	f	f
Oacoma, SD	43.803188	-99.383442	t	f	f	f
Oak Creek, WI	42.900045	-87.913714	t	f	f	f
Oakdale, MN	44.96499	-92.96129	t	f	f	f
Oberhonnefeld, Germany	50.562473	7.525672	t	f	f	f
Ocala, FL	29.140985	-82.19395	t	f	f	f
Occhiobello, Italy	44.918787	11.594051	t	f	f	f
Oftringen, Switzerland	47.310788	7.934951	t	f	f	f
Ogallala, NE	41.116493	-101.709415	t	f	f	f
Oklahoma City, OK	35.461704	-97.651445	t	f	f	f
Olomouc, Czech Republic	49.561356	17.262209	t	f	f	f
Omarama, New Zealand	-44.484457	169.971207	t	f	f	f
Oosterhout, Netherlands	51.626423	4.869517	t	f	f	f
Orange, France	44.112164	4.851759	t	f	f	f
Orgeval, France	48.925026	1.996508	t	f	f	f
Orlando - N Alafaya Trail, FL	28.553648	-81.205429	t	f	f	f
Orlando - W. Sand Lake Rd, FL	28.449767	-81.466734	t	f	f	f
Orléans, France	47.948869	1.86831	t	f	f	f
Os, Norway	60.192788	5.4652	t	f	f	f
Osage Beach, MO	38.162028	-92.605238	t	f	f	f
Osaka Suehirocho - Panasonic, Japan	34.700941	135.51077	t	f	f	f
Oshkosh, WI	44.028779	-88.592508	t	f	f	f
Otočac, Croatia	44.893164	15.183865	t	f	f	f
Ottawa, ON	45.426472	-75.690654	t	f	f	f
Owen Sound, ON	44.573404	-80.912257	t	f	f	f
Oxford, AL	33.610651	-85.782355	t	f	f	f
Oxford, UK	51.7374	-1.0948	t	f	f	f
Oxnard, CA	34.238654	-119.177398	t	f	f	f
Ozona, TX	30.706696	-101.195962	t	f	f	f
Page, AZ	36.924902	-111.468041	t	f	f	f
Paimio, Finland	60.442961	22.605621	t	f	f	f
Palmanova, Italy	45.884158	13.344976	t	f	f	f
Palmerston North, New Zealand	-40.358443	175.614872	t	f	f	f
Palmi, Italy	38.366929	15.869555	t	f	f	f
Panda Place, Hong Kong, China	22.368929	114.120542	t	f	f	f
Panjin-Yinlong Hotel, China	41.240311	121.991402	t	f	f	f
Paramus, NJ	40.957429	-74.07408	t	f	f	f
Parkersburg, WV	39.2633181	-81.5446371	t	f	f	f
Parry Sound, ON	45.345576	-80.005751	t	f	f	f
Parsippany, NJ	40.850095	-74.350835	t	f	f	f
Pau, France	43.332257	-0.358762	t	f	f	f
Paulsboro, NJ	39.822355	-75.240447	t	f	f	f
Payson, AZ	34.242065	-111.322538	t	f	f	f
Pearl, MS	32.274159	-90.151048	t	f	f	f
Pecos, TX	31.400223	-103.486931	t	f	f	f
Pembroke Pines, FL	26.006948	-80.348953	t	f	f	f
Pendleton, OR	45.64655	-118.68198	t	f	f	f
Penrith-Tebay Southbound, UK	54.453104	-2.605743	t	f	f	f
Perry, OK	36.289315	-97.325935	t	f	f	f
Perth, UK	56.386	-3.4792	t	f	f	f
Peru, IL	41.348503	-89.126115	t	f	f	f
Petaluma, CA	38.242693	-122.625049	t	f	f	f
Pfalzfeld, Germany	50.115761	7.59807	t	f	f	f
Philadelphia - North 20th St, PA	39.962023	-75.172049	t	f	f	f
Phoenix - Agua Fria Fwy, AZ	33.667011	-112.120891	t	f	f	f
Phoenix - East Camelback Rd, AZ	33.511555	-112.026392	t	f	f	f
Piacenza, Italy	45.039461	9.753871	t	f	f	f
Pickering, ON	43.846011	-79.07285	t	f	f	f
Pinellas Park, FL	27.8461	-82.678114	t	f	f	f
Pingtung, Taiwan	22.243673	120.663738	t	f	f	f
Plainview, NY	40.779989	-73.450258	t	f	f	f
Plano, TX	33.07868	-96.819506	t	f	f	f
Plantation, FL	26.108614	-80.252268	t	f	f	f
Plattsburgh, NY	44.704537	-73.491829	t	f	f	f
Pleasant Prairie, WI	42.518715	-87.950428	t	f	f	f
Pleasanton, CA	37.700508	-121.908364	t	f	f	f
Plymouth, NC	35.850587	-76.756116	t	f	f	f
Pocatello, ID	42.899615	-112.435248	t	f	f	f
Pointe Claire, QC	45.464212	-73.828203	t	f	f	f
Poncha Springs, CO	38.51174	-106.076394	t	f	f	f
Porsgrunn, Norway	59.122098	9.707564	t	f	f	f
Port Hope, ON	43.97171	-78.285431	t	f	f	f
Port Huron, MI	42.998817	-82.428935	t	f	f	f
Port Macquarie, NSW	-31.4361	152.823582	t	f	f	f
Port Orange, FL	29.108566	-81.034569	t	f	f	f
Port St. Lucie, FL	27.313023	-80.406688	t	f	f	f
Portsmouth, UK	50.847773	-0.991137	t	f	f	f
Poysdorf, Austria	48.676647	16.622998	t	f	f	f
Poznań, Poland	52.400285	16.893091	t	f	f	f
Pratteln, Switzerland	47.524843	7.682486	t	f	f	f
Price, UT	39.600731	-110.831701	t	f	f	f
Primm, NV	35.610687	-115.388028	t	f	f	f
Pyhtää, Finland	60.489054	26.554835	t	f	f	f
Pyhäjärvi, Finland	63.716298	25.920103	t	f	f	f
Qingdao - Jinmao Bay, China	36.064564	120.300291	t	f	f	f
Qingdao - Xingde, China	36.137863	120.428917	t	f	f	f
Qinhuangdao harbor, China	39.9712	119.549586	t	f	f	f
Quanshang Plaza Quanzhou	24.868315	118.604556	t	f	f	f
Quanzhou - Jinjiang Jianfa, China	24.78357395	118.57100567	t	f	f	f
Quartzsite, AZ	33.661314	-114.242174	t	f	f	f
Queens - Queens Center, NY	40.735082	-73.87067	t	f	f	f
Queensbury, NY	43.328388	-73.679992	t	f	f	f
Queenstown, New Zealand	-45.026352	168.743478	t	f	f	f
Qufu - Shangrila Hotel, China	35.580702	116.990551	t	f	f	f
Quinto, Switzerland	46.515263	8.67061	t	f	f	f
Quzhou - Yigao Plaza, China	28.9744917	118.8510207	t	f	f	f
Rade, Germany	53.369722	9.802193	t	f	f	f
Raleigh, NC	35.835623	-78.642569	t	f	f	f
Ramos Arizpe, Mexico	25.613459	-100.846877	t	f	f	f
Rancho Cucamonga, CA	34.113592	-117.529406	t	f	f	f
Randers, Denmark	56.433685	10.055412	t	f	f	f
Rapid City, SD	44.105601	-103.212569	t	f	f	f
Rawlins, WY	41.79082	-107.210272	t	f	f	f
Reading, UK	51.420611	-0.988028	t	f	f	f
Red Deer, AB	52.251899	-113.814659	t	f	f	f
Redondo Beach, CA	33.894294	-118.367379	t	f	f	f
Regensburg, Germany	48.994967	12.150416	t	f	f	f
Rennes, France	48.08208	-1.684395	t	f	f	f
Reno, NV	39.489732	-119.794179	t	f	f	f
Revelstoke, BC	51.009594	-118.218857	t	f	f	f
Rhüden, Germany	51.947228	10.140842	t	f	f	f
Ribeira de Pena, Portugal	41.503684	-7.801877	t	f	f	f
Richfield, UT	38.787942	-112.085316	t	f	f	f
Richmond, TX	29.561504	-95.695242	t	f	f	f
Richmond, VA	37.529855	-77.353819	t	f	f	f
Ritzville, WA	47.116294	-118.368328	t	f	f	f
Rivabellosa, Spain	42.701171	-2.91951	t	f	f	f
Riverside, CA	33.981393	-117.37577	t	f	f	f
Riverview, FL	27.7915	-82.332833	t	f	f	f
Riviera Beach - Garden Rd, FL	26.782582	-80.092328	t	f	f	f
Riviera Beach, FL	26.7781155	-80.1091072	t	f	f	f
Rivière-du-Loup, QC	47.82017	-69.558776	t	f	f	f
Rochester, MN	44.006329	-92.470902	t	f	f	f
Rock Springs, WY	41.580815	-109.262137	t	f	f	f
Rockaway, NJ	40.908225	-74.557405	t	f	f	f
Rockford, IL	42.243896	-88.978877	t	f	f	f
Rocklin (SC), CA	38.800537	-121.210485	t	f	f	f
Rocky Mount, NC	35.972874	-77.84687	t	f	f	f
Rocky View, AB	51.20412	-113.989686	t	f	f	f
Rohnert Park, CA	38.3475	-122.720944	t	f	f	f
Rolla, MO	37.940064	-91.801658	t	f	f	f
Rolling Meadows, IL	42.050188	-87.995686	t	f	f	f
Roscoe, NY	41.93056	-74.908742	t	f	f	f
Rosemont, IL	41.975091	-87.866501	t	f	f	f
Roseville, CA	38.771208	-121.266149	t	f	f	f
Roseville, MI	42.522048	-82.906756	t	f	f	f
Rouen, France	49.388964	1.059818	t	f	f	f
Royal Victoria Docks, UK	51.507022	0.015928	t	f	f	f
Rubigen, Switzerland	46.891778	7.542771	t	f	f	f
Rungis, France	48.754456	2.351036	t	f	f	f
Rygge, Norway	59.38753	10.751039	t	f	f	f
Rødekro, Denmark	55.067258	9.361119	t	f	f	f
Røldal, Norway	59.816824	6.752226	t	f	f	f
Sacramento - Arden Way, CA	38.603327	-121.42853	t	f	f	f
Sacramento, CA	38.637729	-121.49718	t	f	f	f
Sagamore Beach, MA	41.781242	-70.540271	t	f	f	f
Sailly-Flibeaucourt, France	50.167321	1.755505	t	f	f	f
Saint Leonard, NB	47.168758	-67.918038	t	f	f	f
Saint-Brieuc, France	48.493453	-2.722645	t	f	f	f
Saint-Léonard-d’Aston, QC	46.05864	-72.312291	t	f	f	f
Saintes, France	45.75	-0.661722	t	f	f	f
Salamanca, NY	42.153067	-78.747726	t	f	f	f
Salina, KS	38.877342	-97.618699	t	f	f	f
Salinas, CA	36.715699	-121.653992	t	f	f	f
Salisbury, MD	38.401648	-75.564818	t	f	f	f
Salt Lake City - S. State Street, UT	40.720353	-111.888706	t	f	f	f
Salzburg, Austria	47.726937	13.060702	t	f	f	f
San Bernardino, CA	34.08407	-117.299314	t	f	f	f
San Carlos, CA	37.502912	-122.245569	t	f	f	f
San Clemente, CA	33.437177	-117.62712	t	f	f	f
San Diego - A Street, CA	32.719384	-117.159567	t	f	f	f
San Diego - Camino Del Sur, CA	33.020052	-117.126278	t	f	f	f
San Diego - Del Mar Heights Rd, CA	32.952645	-117.235974	t	f	f	f
San Diego - Friars Road, CA	32.769144	-117.166271	t	f	f	f
San Diego, CA	32.902137	-117.193489	t	f	f	f
San Francisco - Letterman Drive, CA	37.798513	-122.449846	t	f	f	f
San Francisco Ocotlán, Mexico	19.131853	-98.267274	t	f	f	f
San Giovanni Teatino, Italy	42.399194	14.16396	t	f	f	f
San Jose - Blossom Hill Rd, CA	37.244638	-121.891141	t	f	f	f
San Jose - Cherry Avenue, CA	37.258506	-121.871476	t	f	f	f
San Jose - Santana Row (Valet), CA	37.322134	-121.949126	t	f	f	f
San Jose - Santana Row, CA	37.322234	-121.949226	t	f	f	f
San Jose, CA	37.339661	-121.905085	t	f	f	f
San Juan Capistrano, CA	33.498458	-117.6632	t	f	f	f
San Juan del Río, Mexico	20.384501	-100.012926	t	f	f	f
San Luis Obispo, CA	35.267293	-120.674191	t	f	f	f
San Luis de la Paz, Mexico	21.294528	-100.593546	t	f	f	f
San Marcos, TX	29.827692	-97.979677	t	f	f	f
San Mateo, CA	37.5446321	-122.2901883	t	f	f	f
San Mateo-Bridgepointe Pkwy, CA	37.558546	-122.284614	t	f	f	f
San Pedro Garza Garcia, Mexico	25.659054	-100.354133	t	f	f	f
San Ramon - Diablo Plaza, CA	37.774766	-121.979789	t	f	f	f
San Ramon, CA	37.76292	-121.963662	t	f	f	f
Sandane, Norway	61.7780226	6.2131884	t	f	f	f
Sandusky, OH	41.410173	-82.662914	t	f	f	f
Sandy, OR	45.403531	-122.294242	t	f	f	f
Sangerhausen, Germany	51.450532	11.304467	t	f	f	f
Sangju, South Korea	36.515931	128.1634319	t	f	f	f
Sanmenxia - Gaoyang Hotel, China	34.715363	111.119324	t	f	f	f
Sano, Japan	36.295431	139.60492	t	f	f	f
Sant Cugat, Spain	41.498135	2.072674	t	f	f	f
Santa Ana, CA	33.776011	-117.872176	t	f	f	f
Santa Clarita, CA	34.431041	-118.554319	t	f	f	f
Santa Fe, Mexico	19.376999	-99.253381	t	f	f	f
Santa Fe, NM	35.611793	-106.032196	t	f	f	f
Santa Monica - Santa Monica Place, CA	34.013087	-118.493843	t	f	f	f
Santa Rosa, NM	34.947013	-104.647997	t	f	f	f
Santee, SC	33.485858	-80.475763	t	f	f	f
Sanya - Mingzhu, China	18.257536	109.503349	t	f	f	f
Sarasota, FL	27.386687	-82.464441	t	f	f	f
Sarn, UK	51.535351	-3.577637	t	f	f	f
Satteldorf, Germany	49.181658	10.068557	t	f	f	f
Savannah, GA	32.135507	-81.212767	t	f	f	f
Schaan, Liechtenstein	47.165317	9.507795	t	f	f	f
Schaffhausen, Switzerland	47.721034	8.646353	t	f	f	f
Schweitenkirchen, Germany	48.510724	11.58227	t	f	f	f
Scotch Corner, UK	54.4421	-1.6713	t	f	f	f
Scottsdale - N Kierland Blvd, AZ	33.623205	-111.930338	t	f	f	f
Scottsdale - N Scottsdale Rd, AZ	33.623139	-111.922451	t	f	f	f
Seabrook, NH	42.895182	-70.869351	t	f	f	f
Seaside, CA	36.616759	-121.844014	t	f	f	f
Seaside, OR	46.00101	-123.91683	t	f	f	f
Sedona, AZ	34.775559	-111.764099	t	f	f	f
Sendai, Japan	38.342928	140.837815	t	f	f	f
Senj, Croatia	44.989707	14.89947	t	f	f	f
Senlis, France	49.208728	2.6057883	t	f	f	f
Seognam - Pangyo, South Korea	37.403642	127.109051	t	f	f	f
Seogwipo, South Korea	33.249844	126.409044	t	f	f	f
Seoul - Gangnam, South Korea	37.509215	127.06079	t	f	f	f
Seoul - Jongno, South Korea	37.570693	126.981511	t	f	f	f
Seoul - Yeoido, South Korea	37.52526	126.925714	t	f	f	f
Seoul - Yongsan, South Korea	37.539341	126.997137	t	f	f	f
Seoul Jamsil, South Korea	37.513395	127.102238	t	f	f	f
Sequim, WA	48.071232	-123.074527	t	f	f	f
Setermoen, Norway	68.860147	18.346723	t	f	f	f
Shamrock, TX	35.226765	-100.24836	t	f	f	f
Shanghai - Auto Park, China	31.15246462	121.2264861	t	f	f	f
Shanghai - Changfeng Joy City, China	31.221857	121.395027	t	f	f	f
Shanghai - Changning 88, China	31.22879	121.426836	t	f	f	f
Shanghai - Golden Jaguar Hotel, China	31.188299	121.375579	t	f	f	f
Shanghai - Grand Gateway	31.19392	121.436501	t	f	f	f
Shanghai - Landmark Center, China	31.245934	121.486649	t	f	f	f
Shanghai - Lantian Mansion, China	31.297502	121.516133	t	f	f	f
Shanghai - Macrolink Shopping Mall, China	31.2011956	121.3085471	t	f	f	f
Shanghai - Manpo Plaza, China	31.216944	121.436203	t	f	f	f
Shanghai - Marriott Hotel City Centre, China	31.236038	121.472916	t	f	f	f
Shanghai - Omall, China	31.094776	121.503914	t	f	f	f
Shanghai - Ruihong Tiandi, China	31.26443097	121.49888533	t	f	f	f
Shanghai - Southern Bailian, China	31.13140735	121.40009915	t	f	f	f
Shanghai - Space Tech Industry Park, China	31.32295772	121.47601362	t	f	f	f
Shanghai - Universal Harbor, China	31.23245587	121.41254494	t	f	f	f
Shanghai - Vanke Plaza, China	31.15443433	121.35137657	t	f	f	f
Shanghai - Wanchuang Center, China	31.257751	121.628975	t	f	f	f
Shanghai - Zhangjiang Greenland, China	31.17789349	121.60262051	t	f	f	f
Shanghai - Zhoupu Greenland, China	31.113857	121.594127	t	f	f	f
Shanghai - Zhujiang Creative Park, China	31.28438432	121.4503079	t	f	f	f
Shanghai Jiading Auto City, China	31.27969	121.16766	t	f	f	f
Shanghai K11 Art Mall, China	31.223318	121.473305	t	f	f	f
Shanghai Pudong Shanda Tiandi	31.171317	121.60646	t	f	f	f
Shanghai Qingpu - Mega Mills, China	31.150778	121.230195	t	f	f	f
Shanghai, Lilacs International Com. Center, China	31.225597	121.550981	t	f	f	f
Shanghai, Minhang, Wubao Rd	31.170563	121.341869	t	f	f	f
Shanghai-Hongqiao, China	31.164991	121.330498	t	f	f	f
Shanghai-Jinqiao	31.242916	121.575329	t	f	f	f
Shanghai-Kempinski Hotel, China	31.242218	121.504775	t	f	f	f
Shangluo - International Conference Center, China	33.85526664	109.94937374	t	f	f	f
Shangrao - Wanli Square, China	28.44728438	117.98472583	t	f	f	f
Shantou-Zhongyeda, China	23.42132	116.716884	t	f	f	f
Shanwei - Luhe Huali Hotel, China	23.250203	115.58817	t	f	f	f
Shaoguan-Sun City, China	24.762329	113.545654	t	f	f	f
Shaoxing Yuecheng - Tianyuan International Building, China	30.000048	120.603519	t	f	f	f
Sheboygan, WI	43.749912	-87.747073	t	f	f	f
Sheffield, OH	41.426963	-82.076273	t	f	f	f
Shelby, IA	41.500575	-95.451663	t	f	f	f
Shenyang - Heping-Kerry Center, China	41.776581	123.436186	t	f	f	f
Shenyang Huafu Xintiandi, China	41.811405	123.43588	t	f	f	f
Shenzhen - 1983 Creation Town, China	22.602722	114.148057	t	f	f	f
Shenzhen - Baofeng Building, China	22.540901	114.111081	t	f	f	f
Shenzhen - Futian Tianan Cyber Park, China	22.52968	114.031258	t	f	f	f
Shenzhen - KK Mall, China	22.543369	114.107193	t	f	f	f
Shenzhen - Lighting Center, China	22.536996	113.957296	t	f	f	f
Shenzhen - Longgang Tianan Cyber Park	22.719709	114.216164	t	f	f	f
Shenzhen - Matsunichi, China	22.540928	113.932785	t	f	f	f
Shenzhen - Merchants Square, China	22.48140966	113.91614193	t	f	f	f
Shenzhen - Yayuan Hotel, China	22.555546	114.12735	t	f	f	f
Shenzhen Bay, China	22.519723	113.950085	t	f	f	f
Shenzhen Futian, China	22.518672	114.073736	t	f	f	f
Shenzhen-Longhua, China	22.6189	114.05482	t	f	f	f
Sherburn, MN	43.66182	-94.733012	t	f	f	f
Sheridan, WY	44.804565	-106.956363	t	f	f	f
Shijiazhuang-Haiyue, China	38.034492	114.471977	t	f	f	f
Shreveport, LA	32.478594	-93.75437	t	f	f	f
Sidney, NE	41.115424	-102.949694	t	f	f	f
Silao, Mexico	21.000631	-101.508116	t	f	f	f
Silverthorne, CO	39.631457	-106.070816	t	f	f	f
Sintanjin, South Korea	36.423696	127.419877	t	f	f	f
Sioux Falls, SD	43.527655	-96.790579	t	f	f	f
Sisteron, France	44.226199	5.913554	t	f	f	f
Skellefteå, Sweden	64.76235	21.002864	t	f	f	f
Skibotn, Norway	69.392448	20.268423	t	f	f	f
Skjåk - Bismo, Norway	61.883135	8.267249	t	f	f	f
Skokie, IL	42.009459	-87.766164	t	f	f	f
Slagelse, Denmark	55.387922	11.361762	t	f	f	f
Slavonski Brod, Croatia	45.175641	18.063889	t	f	f	f
Slidell, LA	30.266552	-89.760156	t	f	f	f
Sokcho, South Korea	38.180856	128.611593	t	f	f	f
Sollentuna, Sweden	59.496093	17.924441	t	f	f	f
Solli, Norway	59.324292	10.954448	t	f	f	f
Somerset, PA	40.0173833333	-79.0771166667	t	f	f	f
Sondrio, Italy	46.165099	9.675995	t	f	f	f
Sormás, Hungary	46.460543	16.906756	t	f	f	f
South Burlington, VT	44.462814	-73.179316	t	f	f	f
South Hill, VA	36.748445	-78.103764	t	f	f	f
South Mimms, UK	51.687536	-0.223548	t	f	f	f
Southampton, NY	40.891909	-72.426995	t	f	f	f
Southlake, TX	32.943488	-97.133843	t	f	f	f
Spearfish, SD	44.520607	-103.890924	t	f	f	f
Springfield, IL	39.748868	-89.67119	t	f	f	f
Springfield, MO	37.251836	-93.265534	t	f	f	f
Springfield, OR	44.082605	-123.037471	t	f	f	f
Springfield, VA	38.774412	-77.177566	t	f	f	f
Squamish, BC	49.736901	-123.134573	t	f	f	f
St Joseph, MO	39.768966	-94.801118	t	f	f	f
St. Anton, Austria	47.130137	10.269231	t	f	f	f
St. Augustine, FL	29.924286	-81.416018	t	f	f	f
St. Charles - Streets of St. Charles, MO	38.765655	-90.493552	t	f	f	f
St. Charles, MO	38.782139	-90.532862	t	f	f	f
St. George, UT	37.12645	-113.601865	t	f	f	f
St. Georgen, Austria	47.929013	13.502143	t	f	f	f
St. Joseph, MI	42.056357	-86.456352	t	f	f	f
St. Moritz, Switzerland	46.496797	9.84272	t	f	f	f
St. Pölten, Austria	48.205756	15.618428	t	f	f	f
St. Valentin, Austria	48.19653	14.527744	t	f	f	f
Stateline, NV	38.963471	-119.940651	t	f	f	f
Staunton, VA	38.1334859	-79.0434692	t	f	f	f
Steele, AL	33.933824	-86.191611	t	f	f	f
Steg-Hohtenn, Switzerland	46.310323	7.74971	t	f	f	f
Stjørdal, Norway	63.466385	10.918098	t	f	f	f
Stockholm Infracity (SC), Sweden	59.5006239	17.926818000000026	t	f	f	f
Stoke-on-Trent Northbound, UK	52.993	-2.2903	t	f	f	f
Stoke-on-Trent Southbound, UK	52.99413	-2.290797	t	f	f	f
Storjord, Norway	66.814045	15.401738	t	f	f	f
Storuman, Sweden	65.092773	17.108301	t	f	f	f
Strasbourg, France	48.534041	7.702054	t	f	f	f
Strasburg, VA	39.00496	-78.337836	t	f	f	f
Strongsville, OH	41.34336	-81.824924	t	f	f	f
Stuhr (Bremen-Brinkum), Germany	53.02836	8.806156	t	f	f	f
Sudbury, ON	46.440602	-81.00485	t	f	f	f
Suining, China	30.531393	105.589851	t	f	f	f
Sulphur Springs, TX	33.137172	-95.603239	t	f	f	f
Sulz-Vöhringen, Germany	48.343115	8.662612	t	f	f	f
Sundebru, Norway	58.820783	9.073746	t	f	f	f
Sundsvall, Sweden	62.398271	17.339795	t	f	f	f
Sunnyvale - W McKinley Ave, CA	37.373421	-122.033114	t	f	f	f
Superior, MT	47.192149	-114.888901	t	f	f	f
Surrey, BC	49.192318	-122.806073	t	f	f	f
Suwon, South Korea	37.264011	126.996636	t	f	f	f
Suzhou - Ufun, China	31.27528179	120.52804961	t	f	f	f
Suzhou - Wuzhong	31.202799	120.557442	t	f	f	f
Sweetwater, TX	32.450591	-100.392455	t	f	f	f
Sydney - Broadway, NSW	-33.883503	151.194433	t	f	f	f
Sydney-Lower North Shore, NSW	-33.817021	151.191334	t	f	f	f
Syracuse, NY	43.102516	-76.187475	t	f	f	f
Sørkjosen, Norway	69.792498	20.93907	t	f	f	f
Süderholz, Germany	54.092811	13.085489	t	f	f	f
Taichung - J Mall, Taiwan	24.183497	120.615073	t	f	f	f
Taichung-Shizheng, Taiwan	24.161036	120.637014	t	f	f	f
Tainan, Taiwan	22.936091	120.221582	t	f	f	f
Taipei Neihu, Taiwan	25.067286	121.577015	t	f	f	f
Taipei, Taiwan	25.06867	121.52126	t	f	f	f
Taitung, Taiwan	22.770315	121.122457	t	f	f	f
Taiyuan - Huayu, China	37.806606	112.547974	t	f	f	f
Taizhou - Intime, China	28.62202293	121.39873685	t	f	f	f
Takasaski, Japan	36.307802	139.097401	t	f	f	f
Tallahassee, FL	30.510935	-84.247838	t	f	f	f
Tampa - West Swann Ave, FL	27.937057	-82.481113	t	f	f	f
Tampa, FL	27.965757	-82.402577	t	f	f	f
Tamworth, NSW	-31.101649	150.917126	t	f	f	f
Tangshan - Tongyuan, China	39.676117	118.251556	t	f	f	f
Tannersville, PA	41.045431	-75.312244	t	f	f	f
Tanum, Sweden	58.72117	11.34538	t	f	f	f
Tarragona, Spain	41.134294	1.1683	t	f	f	f
Tarrytown, NY	41.061499	-73.836411	t	f	f	f
Taupo, New Zealand	-38.692751	176.075932	t	f	f	f
Tejon Ranch, CA	34.98734	-118.94623	t	f	f	f
Telford, UK	52.677334	-2.399552	t	f	f	f
Temascalcingo, Mexico	19.856342	-100.042983	t	f	f	f
Temecula, CA	33.52421	-117.152568	t	f	f	f
Terre Haute, IN	39.443345	-87.331737	t	f	f	f
Texarkana, TX	33.459926	-94.077179	t	f	f	f
The Dalles, OR	45.611964	-121.208526	t	f	f	f
Thiais, France	48.754865	2.373034	t	f	f	f
Thousand Oaks - East Thousand Oaks Blvd, CA	34.158291	-118.82363	t	f	f	f
Thousand Oaks - West Hillcrest Drive, CA	34.18445	-118.890747	t	f	f	f
Three Rivers, TX	28.521614	-98.185829	t	f	f	f
Tianjin - No.1 Binhai Hot Spring Hotel, China	39.119633	117.627563	t	f	f	f
Tianjin - Rongchuang Center, China	39.109849	117.147113	t	f	f	f
Tianjin - Wisdom Valley, China	39.093114	117.119933	t	f	f	f
Tianjin Financing Service Center, China	39.131271	117.231758	t	f	f	f
Tianmen - Tianmen CBD, China	30.649229	113.149208	t	f	f	f
Tifton, GA	31.448847	-83.53221	t	f	f	f
Tigard, OR	45.451608	-122.782599	t	f	f	f
Tilburg, Netherlands	51.606331	5.005621	t	f	f	f
Tinton Falls, NJ	40.226272	-74.093538	t	f	f	f
Toijala, Finland	61.181106	23.885075	t	f	f	f
Tokyo Koto-ku, Japan	35.617639	139.776917	t	f	f	f
Tokyo, Japan	35.65951	139.72853	t	f	f	f
Toledo, OH	41.721617	-83.509207	t	f	f	f
Tonopah, NV	38.069801	-117.232243	t	f	f	f
Tooele, UT	40.684486	-112.268818	t	f	f	f
Topeka, KS	39.044199	-95.76046	t	f	f	f
Tordesillas, Spain	41.516125	-4.943023	t	f	f	f
Toronto (SC), ON	43.740222	-79.322389	t	f	f	f
Toronto - Bay St, ON	43.655596	-79.382963	t	f	f	f
Torsby, Sweden	60.129704	12.998069	t	f	f	f
Toulon, France	43.121199	5.85086	t	f	f	f
Toulouse, France	43.769334	1.361378	t	f	f	f
Tours, France	47.407325	0.744827	t	f	f	f
Traun, Austria	48.237012	14.240255	t	f	f	f
Traverse City, MI	44.744729	-85.644019	t	f	f	f
Tremonton, UT	41.70995	-112.198576	t	f	f	f
Trento, Italy	46.111577	11.092008	t	f	f	f
Triadelphia, WV	40.060757	-80.602874	t	f	f	f
Trinidad, CO	37.134228	-104.519962	t	f	f	f
Troyes - Saint-Parres-aux-Tertres, France	48.293229	4.130685	t	f	f	f
Truckee - Donner Pass, CA	39.327507	-120.207373	t	f	f	f
Truckee-Brockway Rd, CA	39.321865	-120.1621	t	f	f	f
Truth or Consequences, NM	33.15524	-107.251642	t	f	f	f
Tsawwassen, BC	49.038196	-123.082532	t	f	f	f
Tucson - East Skyline Drive, AZ	32.32555	-110.930936	t	f	f	f
Tucson, AZ	32.083857	-110.803571	t	f	f	f
Tucumcari, NM	35.153963	-103.722539	t	f	f	f
Tupelo, MS	34.311515	-88.700843	t	f	f	f
Turkey Lake, FL	28.514874	-81.500214	t	f	f	f
Twentynine Palms, CA	34.12046	-116.050953	t	f	f	f
Twin Falls, ID	42.597887	-114.455249	t	f	f	f
Tystberga, Nyköping, Sweden	58.918156	17.367987	t	f	f	f
Töcksfors, Sweden	59.509437	11.822381	t	f	f	f
Töre, Sweden	65.911576	22.657062	t	f	f	f
Uckerfelde, Germany	53.23499	13.98606	t	f	f	f
Uddevalla, Sweden	58.3516862	11.8116943	t	f	f	f
Ukiah, CA	39.1481	-123.208604	t	f	f	f
Ulanqab-Aowei Plaza, China	41.035297	113.110115	t	f	f	f
Ulm, Germany	48.457074	10.030273	t	f	f	f
Ulricehamn, Sweden	57.814003	13.418759	t	f	f	f
Umeå, Sweden	63.811159	20.250153	t	f	f	f
Uppsala, Sweden	59.939144	17.656107	t	f	f	f
Urmond, Netherlands	50.9881005	5.7805974	t	f	f	f
Urvillers, France	49.787019	3.335626	t	f	f	f
Utica, NY	43.113878	-75.206857	t	f	f	f
Vacaville, CA	38.366645	-121.958136	t	f	f	f
Val-de-Meuse, France	47.99147	5.51296	t	f	f	f
Valence, France	44.918953	4.878081	t	f	f	f
Valencia, Spain	39.542965	-0.451521	t	f	f	f
Valenciennes, France	50.336704	3.455931	t	f	f	f
Valley Stream, NY	40.66402	-73.7251	t	f	f	f
Van Horn, TX	31.03448	-104.861431	t	f	f	f
Vancouver - Burrard St, BC	49.2877557	-123.1154105	t	f	f	f
Vancouver - Pacific Centre, BC	49.281942	-123.120042	t	f	f	f
Vancouver, WA	45.721663	-122.663461	t	f	f	f
Varazze, Italy	44.351747	8.565401	t	f	f	f
Verona, Italy	45.412326	10.970212	t	f	f	f
Verviers, Belgium	50.592323	5.848511	t	f	f	f
Vestec, Czech Republic	49.9898398	14.4907623	t	f	f	f
Victor, NY	43.028655	-77.440128	t	f	f	f
Victoria, BC	48.456647	-123.376329	t	f	f	f
Victoria, TX	28.766853	-96.978988	t	f	f	f
Vienna, Austria	48.1574455	16.3345536	t	f	f	f
Vienne, France	45.587457	4.787527	t	f	f	f
Vierumäki, Finland	61.111599	25.928814	t	f	f	f
Vikeså, Norway	58.63192047285978	6.07776761054992	t	f	f	f
Villach, Austria	46.604079	13.86908	t	f	f	f
Vinje, Norway	59.5701306	7.992551	t	f	f	f
Vinstra, Norway	61.591797	9.722393	t	f	f	f
Voss, Norway	60.658297	6.436256	t	f	f	f
Vrgorac, Croatia	43.204105	17.373824	t	f	f	f
Vuren, Netherlands	51.838994	5.090603	t	f	f	f
Waco, TX	31.58224	-97.10915	t	f	f	f
Waldlaubersheim, Germany	49.923972	7.825736	t	f	f	f
Walker, MI	43.018501	-85.723629	t	f	f	f
Wallace, NC	34.756276	-77.948019	t	f	f	f
Warrington, UK	53.339515	-2.569358	t	f	f	f
Warrnambool, VIC	-38.385285	142.53364	t	f	f	f
Warsaw, NC	34.994272	-78.136679	t	f	f	f
Warwick Northbound, UK	52.216831	-1.50513	t	f	f	f
Warwick Southbound, UK	52.219105	-1.502085	t	f	f	f
Washington, UK	54.88762	-1.557413	t	f	f	f
Waterbury, CT	41.53713	-73.005368	t	f	f	f
Waterloo, NY	42.970012	-76.846134	t	f	f	f
Watertown, NY	43.979585	-75.954114	t	f	f	f
Wausau - Hilton Garden Inn, WI	44.931202	-89.662213	t	f	f	f
Wavre, Belgium	50.707559	4.597822299999962	t	f	f	f
Weatherford, OK	35.53859	-98.66012	t	f	f	f
Weifang - Jinmao Hotel, China	36.72836189	119.1835928	t	f	f	f
Weimar, Germany	50.933645	11.289118	t	f	f	f
Wenzhou Oubei Pullman Hotel	28.035995	120.640254	t	f	f	f
Wernberg-Köblitz, Germany	49.532694	12.134861	t	f	f	f
Wertheim, Germany	49.770564	9.576403	t	f	f	f
West Cincinnati, OH	39.193996	-84.65871	t	f	f	f
West Des Moines, IA	41.599019	-93.806336	t	f	f	f
West Drayton, UK	51.511647	-0.461166	t	f	f	f
West Hartford, CT	41.722672	-72.759717	t	f	f	f
West Lebanon, NH	43.623536	-72.3258949	t	f	f	f
West Melbourne, FL	28.037035	-80.664204	t	f	f	f
West Springfield, MA	42.130914	-72.621435	t	f	f	f
West Wendover, NV	40.738399	-114.058998	t	f	f	f
West Yellowstone, MT	44.656089	-111.099022	t	f	f	f
Westminster, CA	33.745288	-118.012279	t	f	f	f
Weston, WV	39.019353	-80.416993	t	f	f	f
Weyarn, Germany	47.86533	11.790203	t	f	f	f
Wheatland, WY	42.072497	-104.96271	t	f	f	f
Whistler, BC	50.117555	-122.944736	t	f	f	f
Wichita, KS	37.60878	-97.33314	t	f	f	f
Wickenburg, AZ	33.9702333	-112.73165	t	f	f	f
Wiener Neustadt, Austria	47.804883	16.210756	t	f	f	f
Wiesbaden, Germany	50.059472	8.346059	t	f	f	f
Willcox, AZ	32.269811	-109.8457	t	f	f	f
Wilmington, NC	34.240825	-77.829189	t	f	f	f
Wilnsdorf, Germany	50.816873	8.08576	t	f	f	f
Winchester - Norton Park, UK	51.16725	-1.328024	t	f	f	f
Winnemucca, NV	40.958847	-117.746497	t	f	f	f
Wittenburg, Germany	53.507389	11.096827	t	f	f	f
Wittlich, Germany	49.97003	6.86175	t	f	f	f
Wodonga, VIC	-36.123962	146.889889	t	f	f	f
Wonju, South Korea	37.435072	127.818718	t	f	f	f
Woodall Southbound, UK	53.314145	-1.281904	t	f	f	f
Woodbridge, NJ	40.535862	-74.297271	t	f	f	f
Woodbridge, VA	38.64082	-77.29633	t	f	f	f
Woodburn, OR	45.15313	-122.881254	t	f	f	f
Woodstock, ON	43.111918	-80.738804	t	f	f	f
Worthington, MN	43.63385	-95.595647	t	f	f	f
Wuhan - Brabus Auto Park, China	30.479657	114.190621	t	f	f	f
Wuhan - Eurasian Hotel, China	30.63942823	114.2060861	t	f	f	f
Wuhan - Yuexiu Fortune Center, China	30.568027	114.25013	t	f	f	f
Wuhu - Tiantai International Hotel, China	31.345667	118.390327	t	f	f	f
Wuxi - Hualuxe Hotel, China	31.47987581	120.30690575	t	f	f	f
Wuxi Nanchang, China	31.554107	120.30893	t	f	f	f
Wuzhou - Riverside International Hotel, China	23.4747219	111.27909629	t	f	f	f
Wytheville, VA	36.945795	-81.054406	t	f	f	f
Xi'an - INCITY Plaza, China	34.29409625	108.94804373	t	f	f	f
Xi'an - Wanzhong International Plaza, China	34.19501501	108.98852562	t	f	f	f
Xi'an Yanta, China	34.225265	108.887777	t	f	f	f
Xiamen-One Park Mall, China	24.514809	118.161575	t	f	f	f
Xiantao - Zon100 Mall, China	30.360243	113.437477	t	f	f	f
Xinyang - Wanjiahui, China	32.19183672	114.1338454	t	f	f	f
Xuchang - Zhongyuan International Hotel, China	34.035355	113.86618	t	f	f	f
Xuzhou - New Century Grand Hotel, China	34.245064	117.134447	t	f	f	f
Xuzhou - Universal Harbor Outlets, China	34.268814	117.273735	t	f	f	f
Ya'an, China	29.989832	103.006912	t	f	f	f
Yamachiche, QC	46.262079	-72.876801	t	f	f	f
Yanan - Longhua Hotel, China	36.588867	109.468124	t	f	f	f
Yancheng - Bihuali Resort, China	33.33934693	120.16134892	t	f	f	f
Yangjiang - Hualuxe, China	21.851158	111.986061	t	f	f	f
Yangzhou - Tianrun, China	32.390494	119.397507	t	f	f	f
Yantai - HuaAn International Hotel, China	37.57569812	121.2813953	t	f	f	f
Yermo, CA	34.907217	-116.835801	t	f	f	f
Yibin - City Celebrity Hotel, China	28.7494054464	104.6050000142	t	f	f	f
Yichang - Tianxi Longge Hotel, China	30.669947	111.366432	t	f	f	f
Yingkou - Bayuquan Wanlong Plaza, China	40.27160613	122.13268387	t	f	f	f
Yingtan - Wanhao Hotel, China	28.21960828	117.0237949	t	f	f	f
Yiwu, China	29.301123	120.084763	t	f	f	f
Yoho Mall, Hong Kong, China	22.44377	114.036864	t	f	f	f
Yokohama, Japan	35.4260146	139.5375485	t	f	f	f
Yonkers, NY	40.963462	-73.855127	t	f	f	f
York, PA	39.9102501	-76.7015182	t	f	f	f
Yuba City, CA	39.147833	-121.647861	t	f	f	f
Yulin - Xingyu Road, China	38.272358	109.722927	t	f	f	f
Yuma, AZ	32.726686	-114.619093	t	f	f	f
Zadar, Croatia	44.114082	15.407112	t	f	f	f
Zaltbommel, Netherlands	51.796286	5.255085	t	f	f	f
Zaragoza, Spain	41.625707	-1.009618	t	f	f	f
Zarechye, Russia	55.695015028348976	37.380434274673	t	f	f	f
Zella-Mehlis, Germany	50.643912	10.68499	t	f	f	f
Zevenaar, Netherlands	51.94066	6.0818	t	f	f	f
Zhangjiakou - Huailai Wanyue Plaza, China	40.406001	115.520464	t	f	f	f
Zhangjiakou - Shengdebao, China	40.755268	114.906113	t	f	f	f
Zhangzhou - Xiang Jiang Building, China	24.51604183	117.63628418	t	f	f	f
Zhanjiang - Jinsha Bay, China	21.268173	110.393784	t	f	f	f
Zhaoqing - Phoenix Hotel	23.00935	112.456787	t	f	f	f
Zhaotong - Jiangshan Hotel, China	27.32188089	103.70575385	t	f	f	f
Zhengzhou - High Tech New District, China	34.843483	113.693184	t	f	f	f
Zhengzhou - Join Auto-Putian Store, China	34.745298	113.798207	t	f	f	f
Zhongshan-Baihui Plaza	22.55954	113.456535	t	f	f	f
Zhoushan Putuo - Haizhongzhou Hotel, China	29.966773	122.316121	t	f	f	f
Zhuhai - Holiday Resort Hotel, China	22.237179	113.582603	t	f	f	f
Zhuhai Xiangzhou - Yuanguang Software Park	22.373647	113.561454	t	f	f	f
Zhumadian - Join Auto, China	33.015353	114.059482	t	f	f	f
Zionsville, IN	39.950563	-86.343779	t	f	f	f
Zurich - Dietlikon, Switzerland	47.413063	8.616766	t	f	f	f
Zvolen, Slovakia	48.627379	19.103481	t	f	f	f
Zwolle, Netherlands	52.531375	6.157279	t	f	f	f
Äänekoski, Finland	62.516908	25.691666	t	f	f	f
Åbenrå, Denmark	55.068518	9.361098	t	f	f	f
Åndalsnes, Norway	62.55772975838314	7.68532812595367	t	f	f	f
Ödeshög, Sweden	58.227173	14.668821	t	f	f	f
Örnsköldsvik, Sweden	63.291556	18.706134	t	f	f	f
Ørskog, Norway	62.520404	6.915983	t	f	f	f
Øyer, Norway	61.243236	10.434457	t	f	f	f
